recordType,boardId,boardName,roleId,roleTitle,level,department,managerRoleId,incumbentPersonId,incumbentName,risk,criticality,owner,status,sortOrder,personId,personName,personTitle,personDepartment,personEmail,location,jobLevel,performance,potential,retentionRisk,mobility,criticalExperience,skills,readiness,source,candidateType,confidence,ranking,notes,successorRoleId,approved,autoMoveQueued,ruleId,ruleName,ruleType,ruleScope,ruleField,ruleOperator,ruleValue,rulePersonId,ruleTargetRoleId,ruleAltPersonId,ruleSeverity,ruleMessage,ruleEnabled,historyId,historyDate,historyAction,historyDetails,settingKey,settingValue
BOARD,BOARD-ELT,ELT,,,,,,,,,,,,,,,,,,,,,,,,,,,,,,,,,,,,,,,,,,,,,,,,,,,,,
BOARD,BOARD-COMM,Commercial & Marketing,,,,,,,,,,,,,,,,,,,,,,,,,,,,,,,,,,,,,,,,,,,,,,,,,,,,,
BOARD,BOARD-PROD,Product,,,,,,,,,,,,,,,,,,,,,,,,,,,,,,,,,,,,,,,,,,,,,,,,,,,,,
BOARD,BOARD-OPS,Operations,,,,,,,,,,,,,,,,,,,,,,,,,,,,,,,,,,,,,,,,,,,,,,,,,,,,,
BOARD,BOARD-HR,People / HR,,,,,,,,,,,,,,,,,,,,,,,,,,,,,,,,,,,,,,,,,,,,,,,,,,,,,
BOARD,BOARD-FIN,Finance,,,,,,,,,,,,,,,,,,,,,,,,,,,,,,,,,,,,,,,,,,,,,,,,,,,,,
BOARD,BOARD-ENG,Engineering,,,,,,,,,,,,,,,,,,,,,,,,,,,,,,,,,,,,,,,,,,,,,,,,,,,,,
BOARD,BOARD-GTM,GTM,,,,,,,,,,,,,,,,,,,,,,,,,,,,,,,,,,,,,,,,,,,,,,,,,,,,,
BOARD,BOARD-INTL,International,,,,,,,,,,,,,,,,,,,,,,,,,,,,,,,,,,,,,,,,,,,,,,,,,,,,,
BOARD,BOARD-SCENARIO,Scenario Planning,,,,,,,,,,,,,,,,,,,,,,,,,,,,,,,,,,,,,,,,,,,,,,,,,,,,,
PERSON,,,,,,,,,,,,,,,P001,Mei Smith,Principal,Commercial & Marketing,p001@example.com,Tokyo,E7,Medium,High,High,Yes,AI transformation,Strategy; Leadership; Analytics,Ready Now,Internal,Athlete,High,,Dummy person profile,,,,,,,,,,,,,,,,,,,,,,
PERSON,,,,,,,,,,,,,,,P002,Payton Gomez,Senior Manager,Commercial & Marketing,p002@example.com,Singapore,M5,Medium,Enterprise,High,Unknown,Global scale,Workday; Payroll; HR Ops,Needs Development,External,Market Candidate,High,,Dummy person profile,,,,,,,,,,,,,,,,,,,,,,
PERSON,,,,,,,,,,,,,,,P003,Noor Lee,Sr Director,Product,p003@example.com,Austin,BOLT,Low,Low,High,Unknown,Global scale,Operations; Lean; Quality,Needs Development,Talent Pool,Successor,Medium,,Dummy person profile,,,,,,,,,,,,,,,,,,,,,,
PERSON,,,,,,,,,,,,,,,P004,Finley Mitchell,Lead,Finance,p004@example.com,Amsterdam,E7,High,High,High,No,M&A integration,Strategy; Leadership; Analytics,1-2 Years,Internal,Emergency Successor,Medium,,Dummy person profile,,,,,,,,,,,,,,,,,,,,,,
PERSON,,,,,,,,,,,,,,,P005,Lane Young,Lead,Operations,p005@example.com,Toronto,E7,Low,High,High,No,Workday HRIS,Workday; Payroll; HR Ops,Needs Development,External,Market Candidate,Low,,Dummy person profile,,,,,,,,,,,,,,,,,,,,,,
PERSON,,,,,,,,,,,,,,,P006,Nora Mitchell,Lead,People / HR,p006@example.com,Sunnyvale,E7,High,Low,Medium,Unknown,GTM transformation,Workday; Payroll; HR Ops,Interim Ready,Talent Pool,Market Candidate,High,,Dummy person profile,,,,,,,,,,,,,,,,,,,,,,
PERSON,,,,,,,,,,,,,,,P007,Anika Nelson,GM,GTM,p007@example.com,Bangalore,E6,Medium,Medium,High,Unknown,AI transformation,Finance; FP&A; Controls,Needs Development,External,Athlete,High,,Dummy person profile,,,,,,,,,,,,,,,,,,,,,,
PERSON,,,,,,,,,,,,,,,P008,Payton Nelson,VP,Product,p008@example.com,Remote,E8,Medium,Enterprise,High,Yes,AI transformation,Commercial; GTM; Pricing,Interim Ready,External,Market Candidate,Low,,Dummy person profile,,,,,,,,,,,,,,,,,,,,,,
PERSON,,,,,,,,,,,,,,,P009,Leah Chen,Principal,Product,p009@example.com,Toronto,BOLT,Low,Enterprise,Low,Conditional,Global scale,Operations; Lean; Quality,3-5 Years,Talent Pool,Athlete,Low,,Dummy person profile,,,,,,,,,,,,,,,,,,,,,,
PERSON,,,,,,,,,,,,,,,P010,Dylan Nguyen,Senior Manager,Finance,p010@example.com,Bangalore,M6,Medium,High,High,Unknown,Quality systems,Strategy; Leadership; Analytics,Ready Now,External,Market Candidate,High,,Dummy person profile,,,,,,,,,,,,,,,,,,,,,,
PERSON,,,,,,,,,,,,,,,P011,Drew Taylor,Sr Director,Product,p011@example.com,Boston,BOLT,Medium,Medium,High,Conditional,Manufacturing ops,Product; UX; AI,Interim Ready,Talent Pool,Emergency Successor,High,,Dummy person profile,,,,,,,,,,,,,,,,,,,,,,
PERSON,,,,,,,,,,,,,,,P012,Ari Campbell,Principal,People / HR,p012@example.com,Austin,P4,Low,Enterprise,High,Conditional,GTM transformation,Workday; Payroll; HR Ops,1-2 Years,Internal,Market Candidate,High,,Dummy person profile,,,,,,,,,,,,,,,,,,,,,,
PERSON,,,,,,,,,,,,,,,P013,Winter Mitchell,Senior Manager,People / HR,p013@example.com,Sunnyvale,BOLT,High,Medium,Low,Yes,Public company,Strategy; Leadership; Analytics,Interim Ready,Internal,Market Candidate,Low,,Dummy person profile,,,,,,,,,,,,,,,,,,,,,,
PERSON,,,,,,,,,,,,,,,P014,Nico Wilson,GM,Operations,p014@example.com,Tokyo,M4,Exceptional,Medium,Low,Yes,AI transformation,Product; UX; AI,Needs Development,External,Emergency Successor,Low,,Dummy person profile,,,,,,,,,,,,,,,,,,,,,,
PERSON,,,,,,,,,,,,,,,P015,Drew Nguyen,Head of Function,Commercial & Marketing,p015@example.com,Toronto,BOLT,Medium,Medium,Low,Conditional,Manufacturing ops,Commercial; GTM; Pricing,1-2 Years,External,Emergency Successor,High,,Dummy person profile,,,,,,,,,,,,,,,,,,,,,,
PERSON,,,,,,,,,,,,,,,P016,Leah Singh,Sr Director,International,p016@example.com,Sunnyvale,P4,High,High,Low,No,AI transformation,Commercial; GTM; Pricing,Needs Development,Internal,Emergency Successor,High,,Dummy person profile,,,,,,,,,,,,,,,,,,,,,,
PERSON,,,,,,,,,,,,,,,P017,Kai Allen,Head of Function,Commercial & Marketing,p017@example.com,London,M4,Low,Enterprise,High,Conditional,Manufacturing ops,Workday; Payroll; HR Ops,3-5 Years,Internal,Successor,Low,,Dummy person profile,,,,,,,,,,,,,,,,,,,,,,
PERSON,,,,,,,,,,,,,,,P018,Ravi Campbell,Lead,Commercial & Marketing,p018@example.com,Sunnyvale,ELT,Exceptional,Medium,Low,Yes,Manufacturing ops,Strategy; Leadership; Analytics,Interim Ready,Internal,Athlete,Medium,,Dummy person profile,,,,,,,,,,,,,,,,,,,,,,
PERSON,,,,,,,,,,,,,,,P019,Harper Carter,VP,People / HR,p019@example.com,Amsterdam,BOLT,Exceptional,Low,Medium,No,Public company,Workday; Payroll; HR Ops,3-5 Years,External,Athlete,Low,,Dummy person profile,,,,,,,,,,,,,,,,,,,,,,
PERSON,,,,,,,,,,,,,,,P020,Anika White,Lead,International,p020@example.com,Remote,ELT,Exceptional,High,Low,No,M&A integration,Workday; Payroll; HR Ops,3-5 Years,Internal,Athlete,Medium,,Dummy person profile,,,,,,,,,,,,,,,,,,,,,,
PERSON,,,,,,,,,,,,,,,P021,Skyler Brown,Principal,International,p021@example.com,Amsterdam,P4,High,Low,High,Yes,Manufacturing ops,Product; UX; AI,Ready Now,Internal,Athlete,Medium,,Dummy person profile,,,,,,,,,,,,,,,,,,,,,,
PERSON,,,,,,,,,,,,,,,P022,Skyler Gomez,Lead,People / HR,p022@example.com,Tokyo,P4,Low,Enterprise,Medium,Yes,GTM transformation,Operations; Lean; Quality,Needs Development,External,Successor,High,,Dummy person profile,,,,,,,,,,,,,,,,,,,,,,
PERSON,,,,,,,,,,,,,,,P023,Riley Johnson,Director,Finance,p023@example.com,Boston,P6,Exceptional,High,Low,Yes,Manufacturing ops,Finance; FP&A; Controls,Ready Now,External,Athlete,Medium,,Dummy person profile,,,,,,,,,,,,,,,,,,,,,,
PERSON,,,,,,,,,,,,,,,P024,Indigo Patel,Lead,Finance,p024@example.com,Sunnyvale,M6,Medium,Medium,High,Yes,Public company,Finance; FP&A; Controls,Needs Development,Talent Pool,Athlete,High,,Dummy person profile,,,,,,,,,,,,,,,,,,,,,,
PERSON,,,,,,,,,,,,,,,P025,Leah Brown,Head of Function,Operations,p025@example.com,Sunnyvale,E8,Low,Enterprise,High,No,M&A integration,Workday; Payroll; HR Ops,Ready Now,External,Successor,Medium,,Dummy person profile,,,,,,,,,,,,,,,,,,,,,,
PERSON,,,,,,,,,,,,,,,P026,Oakley Miller,Lead,International,p026@example.com,London,E7,Medium,High,High,No,AI transformation,Product; UX; AI,3-5 Years,Internal,Market Candidate,Medium,,Dummy person profile,,,,,,,,,,,,,,,,,,,,,,
PERSON,,,,,,,,,,,,,,,P027,Anika Hill,Lead,GTM,p027@example.com,Sunnyvale,BOLT,Low,Medium,High,Unknown,Global scale,Strategy; Leadership; Analytics,Interim Ready,External,Market Candidate,Low,,Dummy person profile,,,,,,,,,,,,,,,,,,,,,,
PERSON,,,,,,,,,,,,,,,P028,Kenji Martin,Sr Director,GTM,p028@example.com,Austin,P5,Medium,Low,Low,Conditional,Global scale,Finance; FP&A; Controls,Interim Ready,Talent Pool,Athlete,Medium,,Dummy person profile,,,,,,,,,,,,,,,,,,,,,,
PERSON,,,,,,,,,,,,,,,P029,Jamie Singh,Lead,Engineering,p029@example.com,Remote,E6,Low,Enterprise,Medium,Conditional,M&A integration,Finance; FP&A; Controls,1-2 Years,Internal,Emergency Successor,Low,,Dummy person profile,,,,,,,,,,,,,,,,,,,,,,
PERSON,,,,,,,,,,,,,,,P030,Dakota Davis,Head of Function,Finance,p030@example.com,Singapore,ELT,Low,Low,Low,Conditional,Public company,Commercial; GTM; Pricing,Needs Development,External,Athlete,Low,,Dummy person profile,,,,,,,,,,,,,,,,,,,,,,
PERSON,,,,,,,,,,,,,,,P031,Micah Brown,Principal,Product,p031@example.com,Singapore,P4,Low,High,Low,Unknown,Workday HRIS,Workday; Payroll; HR Ops,1-2 Years,Internal,Successor,High,,Dummy person profile,,,,,,,,,,,,,,,,,,,,,,
PERSON,,,,,,,,,,,,,,,P032,Micah Reed,GM,Product,p032@example.com,Austin,P4,Medium,Enterprise,Medium,Conditional,Workday HRIS,Workday; Payroll; HR Ops,Ready Now,Internal,Emergency Successor,High,,Dummy person profile,,,,,,,,,,,,,,,,,,,,,,
PERSON,,,,,,,,,,,,,,,P033,Logan Rivera,VP,International,p033@example.com,Singapore,E7,High,Enterprise,Low,Conditional,Public company,Commercial; GTM; Pricing,Interim Ready,Talent Pool,Emergency Successor,Low,,Dummy person profile,,,,,,,,,,,,,,,,,,,,,,
PERSON,,,,,,,,,,,,,,,P034,Kendall Brown,GM,International,p034@example.com,London,E7,Low,Enterprise,High,No,M&A integration,Commercial; GTM; Pricing,Ready Now,Talent Pool,Market Candidate,High,,Dummy person profile,,,,,,,,,,,,,,,,,,,,,,
PERSON,,,,,,,,,,,,,,,P035,Reese Lee,Sr Director,Engineering,p035@example.com,Bangalore,E8,Medium,Enterprise,High,No,Workday HRIS,Strategy; Leadership; Analytics,Needs Development,External,Market Candidate,Low,,Dummy person profile,,,,,,,,,,,,,,,,,,,,,,
PERSON,,,,,,,,,,,,,,,P036,Lane Wright,Senior Manager,Commercial & Marketing,p036@example.com,Austin,M5,High,Enterprise,Medium,Yes,Public company,Product; UX; AI,Needs Development,External,Athlete,Medium,,Dummy person profile,,,,,,,,,,,,,,,,,,,,,,
PERSON,,,,,,,,,,,,,,,P037,Oakley Thomas,GM,GTM,p037@example.com,Sunnyvale,M5,Low,Enterprise,High,No,Quality systems,Workday; Payroll; HR Ops,Interim Ready,Talent Pool,Successor,Medium,,Dummy person profile,,,,,,,,,,,,,,,,,,,,,,
PERSON,,,,,,,,,,,,,,,P038,Winter Carter,Sr Director,Commercial & Marketing,p038@example.com,Austin,E8,Exceptional,Medium,Low,Unknown,AI transformation,Product; UX; AI,1-2 Years,External,Market Candidate,Medium,,Dummy person profile,,,,,,,,,,,,,,,,,,,,,,
PERSON,,,,,,,,,,,,,,,P039,Nadia Allen,Head of Function,Finance,p039@example.com,London,BOLT,Exceptional,High,High,Yes,Public company,Workday; Payroll; HR Ops,Ready Now,Talent Pool,Successor,High,,Dummy person profile,,,,,,,,,,,,,,,,,,,,,,
PERSON,,,,,,,,,,,,,,,P040,Parker Miller,Director,Commercial & Marketing,p040@example.com,Tokyo,E8,Exceptional,High,High,No,Quality systems,Operations; Lean; Quality,3-5 Years,External,Athlete,Low,,Dummy person profile,,,,,,,,,,,,,,,,,,,,,,
PERSON,,,,,,,,,,,,,,,P041,Kiran Smith,Principal,Operations,p041@example.com,Remote,P5,High,Low,High,Conditional,AI transformation,Operations; Lean; Quality,1-2 Years,Internal,Athlete,High,,Dummy person profile,,,,,,,,,,,,,,,,,,,,,,
PERSON,,,,,,,,,,,,,,,P042,Nora White,VP,Product,p042@example.com,Toronto,P6,Exceptional,Low,Low,Unknown,Global scale,Commercial; GTM; Pricing,Needs Development,Internal,Emergency Successor,Medium,,Dummy person profile,,,,,,,,,,,,,,,,,,,,,,
PERSON,,,,,,,,,,,,,,,P043,Mei Baker,Head of Function,Operations,p043@example.com,Bangalore,P6,Low,Enterprise,Medium,Conditional,M&A integration,Product; UX; AI,1-2 Years,Internal,Market Candidate,Medium,,Dummy person profile,,,,,,,,,,,,,,,,,,,,,,
PERSON,,,,,,,,,,,,,,,P044,Parker Baker,Lead,GTM,p044@example.com,Sunnyvale,M4,Low,Medium,Medium,No,Public company,Product; UX; AI,3-5 Years,External,Market Candidate,Low,,Dummy person profile,,,,,,,,,,,,,,,,,,,,,,
PERSON,,,,,,,,,,,,,,,P045,Alex Rivera,Sr Director,People / HR,p045@example.com,Tokyo,M5,Exceptional,Medium,High,Conditional,Quality systems,Commercial; GTM; Pricing,Ready Now,Internal,Market Candidate,High,,Dummy person profile,,,,,,,,,,,,,,,,,,,,,,
PERSON,,,,,,,,,,,,,,,P046,Emerson Taylor,Lead,Finance,p046@example.com,Boston,P6,Low,Enterprise,High,Unknown,Public company,Operations; Lean; Quality,Needs Development,External,Market Candidate,Medium,,Dummy person profile,,,,,,,,,,,,,,,,,,,,,,
PERSON,,,,,,,,,,,,,,,P047,Oakley Smith,Lead,People / HR,p047@example.com,Remote,P6,Medium,Medium,Low,Conditional,M&A integration,Operations; Lean; Quality,Interim Ready,Talent Pool,Market Candidate,High,,Dummy person profile,,,,,,,,,,,,,,,,,,,,,,
PERSON,,,,,,,,,,,,,,,P048,Iris Miller,Senior Manager,Finance,p048@example.com,Toronto,E8,Low,High,High,No,M&A integration,Strategy; Leadership; Analytics,Ready Now,Talent Pool,Market Candidate,Low,,Dummy person profile,,,,,,,,,,,,,,,,,,,,,,
PERSON,,,,,,,,,,,,,,,P049,Indigo Nelson,VP,Product,p049@example.com,Amsterdam,E6,Exceptional,Enterprise,Medium,Unknown,Manufacturing ops,Strategy; Leadership; Analytics,3-5 Years,External,Successor,High,,Dummy person profile,,,,,,,,,,,,,,,,,,,,,,
PERSON,,,,,,,,,,,,,,,P050,Emerson Nelson,VP,Product,p050@example.com,Bangalore,E8,Low,High,Low,Yes,AI transformation,Finance; FP&A; Controls,Interim Ready,Talent Pool,Athlete,Low,,Dummy person profile,,,,,,,,,,,,,,,,,,,,,,
PERSON,,,,,,,,,,,,,,,P051,Dakota Green,Principal,International,p051@example.com,Amsterdam,M5,Low,High,High,Yes,Workday HRIS,Operations; Lean; Quality,1-2 Years,External,Successor,High,,Dummy person profile,,,,,,,,,,,,,,,,,,,,,,
PERSON,,,,,,,,,,,,,,,P052,Parker Davis,Director,Product,p052@example.com,Sunnyvale,M5,Exceptional,Enterprise,Medium,Yes,Workday HRIS,Product; UX; AI,3-5 Years,Talent Pool,Emergency Successor,High,,Dummy person profile,,,,,,,,,,,,,,,,,,,,,,
PERSON,,,,,,,,,,,,,,,P053,Mateo Moore,Senior Manager,Finance,p053@example.com,Austin,BOLT,Medium,Medium,Medium,No,GTM transformation,Strategy; Leadership; Analytics,1-2 Years,External,Market Candidate,Medium,,Dummy person profile,,,,,,,,,,,,,,,,,,,,,,
PERSON,,,,,,,,,,,,,,,P054,Harper Baker,Head of Function,Finance,p054@example.com,London,P6,Exceptional,Enterprise,Low,Yes,AI transformation,Operations; Lean; Quality,3-5 Years,Talent Pool,Market Candidate,High,,Dummy person profile,,,,,,,,,,,,,,,,,,,,,,
PERSON,,,,,,,,,,,,,,,P055,Finley Moore,Principal,Commercial & Marketing,p055@example.com,Amsterdam,ELT,Medium,Enterprise,High,Conditional,M&A integration,Workday; Payroll; HR Ops,Interim Ready,External,Emergency Successor,High,,Dummy person profile,,,,,,,,,,,,,,,,,,,,,,
PERSON,,,,,,,,,,,,,,,P056,Micah Thompson,Lead,GTM,p056@example.com,Toronto,P4,High,Medium,Medium,Conditional,Quality systems,Product; UX; AI,Needs Development,Talent Pool,Successor,Medium,,Dummy person profile,,,,,,,,,,,,,,,,,,,,,,
PERSON,,,,,,,,,,,,,,,P057,Finley Martin,Lead,Finance,p057@example.com,Remote,M5,High,Enterprise,Medium,Yes,Workday HRIS,Finance; FP&A; Controls,3-5 Years,Talent Pool,Emergency Successor,Low,,Dummy person profile,,,,,,,,,,,,,,,,,,,,,,
PERSON,,,,,,,,,,,,,,,P058,Kendall Kim,Principal,People / HR,p058@example.com,Singapore,E8,Low,Enterprise,High,Conditional,GTM transformation,Strategy; Leadership; Analytics,Interim Ready,Internal,Athlete,Medium,,Dummy person profile,,,,,,,,,,,,,,,,,,,,,,
PERSON,,,,,,,,,,,,,,,P059,Tatum Chen,Sr Director,GTM,p059@example.com,Tokyo,BOLT,Exceptional,High,High,No,Quality systems,Operations; Lean; Quality,3-5 Years,Talent Pool,Market Candidate,Medium,,Dummy person profile,,,,,,,,,,,,,,,,,,,,,,
PERSON,,,,,,,,,,,,,,,P060,Iris Adams,Senior Manager,International,p060@example.com,Boston,P6,Medium,Enterprise,Low,No,GTM transformation,Product; UX; AI,Needs Development,External,Market Candidate,High,,Dummy person profile,,,,,,,,,,,,,,,,,,,,,,
PERSON,,,,,,,,,,,,,,,P061,Skyler White,Director,International,p061@example.com,Boston,P6,Exceptional,Low,Medium,Conditional,Quality systems,Product; UX; AI,1-2 Years,Talent Pool,Athlete,Low,,Dummy person profile,,,,,,,,,,,,,,,,,,,,,,
PERSON,,,,,,,,,,,,,,,P062,Dakota Moore,VP,GTM,p062@example.com,Toronto,M4,Exceptional,Enterprise,High,No,Quality systems,Strategy; Leadership; Analytics,1-2 Years,Talent Pool,Market Candidate,High,,Dummy person profile,,,,,,,,,,,,,,,,,,,,,,
PERSON,,,,,,,,,,,,,,,P063,Leah Green,GM,Product,p063@example.com,Sunnyvale,E8,Exceptional,Medium,Low,Conditional,M&A integration,Product; UX; AI,Interim Ready,Talent Pool,Emergency Successor,Low,,Dummy person profile,,,,,,,,,,,,,,,,,,,,,,
PERSON,,,,,,,,,,,,,,,P064,Finley Lee,Lead,GTM,p064@example.com,Boston,P6,High,High,Low,Unknown,Workday HRIS,Operations; Lean; Quality,Ready Now,External,Successor,Low,,Dummy person profile,,,,,,,,,,,,,,,,,,,,,,
PERSON,,,,,,,,,,,,,,,P065,Owen Nguyen,Director,International,p065@example.com,London,ELT,High,Low,Low,Unknown,Public company,Product; UX; AI,Needs Development,Internal,Athlete,Low,,Dummy person profile,,,,,,,,,,,,,,,,,,,,,,
PERSON,,,,,,,,,,,,,,,P066,Hayden Carter,Director,Operations,p066@example.com,Bangalore,BOLT,Exceptional,Medium,Medium,No,Workday HRIS,Commercial; GTM; Pricing,3-5 Years,External,Market Candidate,Low,,Dummy person profile,,,,,,,,,,,,,,,,,,,,,,
PERSON,,,,,,,,,,,,,,,P067,Alex Baker,Director,Finance,p067@example.com,Remote,M4,Low,Low,High,Conditional,M&A integration,Commercial; GTM; Pricing,3-5 Years,Internal,Emergency Successor,Medium,,Dummy person profile,,,,,,,,,,,,,,,,,,,,,,
PERSON,,,,,,,,,,,,,,,P068,Gray Taylor,Lead,GTM,p068@example.com,Amsterdam,E6,Low,High,High,Conditional,M&A integration,Strategy; Leadership; Analytics,Interim Ready,Talent Pool,Successor,Low,,Dummy person profile,,,,,,,,,,,,,,,,,,,,,,
PERSON,,,,,,,,,,,,,,,P069,Ravi Nelson,Senior Manager,Finance,p069@example.com,Amsterdam,M6,Medium,Medium,High,Unknown,Manufacturing ops,Operations; Lean; Quality,Ready Now,Talent Pool,Successor,Medium,,Dummy person profile,,,,,,,,,,,,,,,,,,,,,,
PERSON,,,,,,,,,,,,,,,P070,Kenji Green,Lead,Commercial & Marketing,p070@example.com,Bangalore,BOLT,Low,Low,High,Conditional,Manufacturing ops,Workday; Payroll; HR Ops,1-2 Years,Talent Pool,Market Candidate,Low,,Dummy person profile,,,,,,,,,,,,,,,,,,,,,,
PERSON,,,,,,,,,,,,,,,P071,Payton Thomas,Principal,Operations,p071@example.com,Boston,E6,Low,High,Medium,Yes,Manufacturing ops,Workday; Payroll; HR Ops,Needs Development,Talent Pool,Market Candidate,High,,Dummy person profile,,,,,,,,,,,,,,,,,,,,,,
PERSON,,,,,,,,,,,,,,,P072,Kenji King,Principal,Commercial & Marketing,p072@example.com,Singapore,BOLT,Exceptional,Low,High,Unknown,AI transformation,Operations; Lean; Quality,3-5 Years,Internal,Athlete,Medium,,Dummy person profile,,,,,,,,,,,,,,,,,,,,,,
PERSON,,,,,,,,,,,,,,,P073,Bailey Reed,Senior Manager,Engineering,p073@example.com,Remote,P4,Exceptional,Low,High,Conditional,GTM transformation,Workday; Payroll; HR Ops,Ready Now,Internal,Market Candidate,Medium,,Dummy person profile,,,,,,,,,,,,,,,,,,,,,,
PERSON,,,,,,,,,,,,,,,P074,Harper Nguyen,Director,People / HR,p074@example.com,Austin,M4,Low,Enterprise,High,No,AI transformation,Operations; Lean; Quality,Ready Now,External,Emergency Successor,Medium,,Dummy person profile,,,,,,,,,,,,,,,,,,,,,,
PERSON,,,,,,,,,,,,,,,P075,Casey Young,GM,People / HR,p075@example.com,Boston,E7,Low,High,High,Unknown,Public company,Strategy; Leadership; Analytics,Needs Development,External,Athlete,High,,Dummy person profile,,,,,,,,,,,,,,,,,,,,,,
PERSON,,,,,,,,,,,,,,,P076,Samir Baker,Senior Manager,Product,p076@example.com,Amsterdam,ELT,High,Low,Low,No,Workday HRIS,Strategy; Leadership; Analytics,Interim Ready,Internal,Athlete,High,,Dummy person profile,,,,,,,,,,,,,,,,,,,,,,
PERSON,,,,,,,,,,,,,,,P077,Riley Williams,Principal,Commercial & Marketing,p077@example.com,Bangalore,E8,Low,Medium,Low,Yes,Manufacturing ops,Strategy; Leadership; Analytics,3-5 Years,Internal,Market Candidate,High,,Dummy person profile,,,,,,,,,,,,,,,,,,,,,,
PERSON,,,,,,,,,,,,,,,P078,Logan Anderson,Director,Commercial & Marketing,p078@example.com,Austin,P6,High,High,Medium,Conditional,Public company,Finance; FP&A; Controls,Interim Ready,Internal,Emergency Successor,Low,,Dummy person profile,,,,,,,,,,,,,,,,,,,,,,
PERSON,,,,,,,,,,,,,,,P079,Oakley Reed,Principal,Commercial & Marketing,p079@example.com,Boston,P4,High,High,Medium,Conditional,AI transformation,Operations; Lean; Quality,Ready Now,External,Emergency Successor,High,,Dummy person profile,,,,,,,,,,,,,,,,,,,,,,
PERSON,,,,,,,,,,,,,,,P080,Maya Garcia,Director,Engineering,p080@example.com,Remote,E8,Low,Low,Medium,Unknown,Quality systems,Finance; FP&A; Controls,Interim Ready,External,Successor,Low,,Dummy person profile,,,,,,,,,,,,,,,,,,,,,,
PERSON,,,,,,,,,,,,,,,P081,Harper Mitchell,Head of Function,People / HR,p081@example.com,Boston,E7,Exceptional,Low,Medium,Conditional,AI transformation,Operations; Lean; Quality,Ready Now,External,Emergency Successor,Medium,,Dummy person profile,,,,,,,,,,,,,,,,,,,,,,
PERSON,,,,,,,,,,,,,,,P082,Lena Anderson,Director,Engineering,p082@example.com,Boston,BOLT,High,High,Low,Conditional,GTM transformation,Operations; Lean; Quality,3-5 Years,Internal,Successor,Low,,Dummy person profile,,,,,,,,,,,,,,,,,,,,,,
PERSON,,,,,,,,,,,,,,,P083,Tatum Mitchell,Sr Director,Engineering,p083@example.com,Austin,M6,Exceptional,High,Medium,Unknown,Public company,Strategy; Leadership; Analytics,Interim Ready,Talent Pool,Athlete,High,,Dummy person profile,,,,,,,,,,,,,,,,,,,,,,
PERSON,,,,,,,,,,,,,,,P084,Lena Adams,Sr Director,People / HR,p084@example.com,Toronto,P6,Low,High,Medium,No,AI transformation,Finance; FP&A; Controls,Interim Ready,Talent Pool,Successor,Low,,Dummy person profile,,,,,,,,,,,,,,,,,,,,,,
PERSON,,,,,,,,,,,,,,,P085,Ari Thomas,Director,Commercial & Marketing,p085@example.com,London,E6,Low,Low,Low,No,Manufacturing ops,Finance; FP&A; Controls,Needs Development,Internal,Athlete,Low,,Dummy person profile,,,,,,,,,,,,,,,,,,,,,,
PERSON,,,,,,,,,,,,,,,P086,Mei Morgan,Senior Manager,Product,p086@example.com,Austin,M5,Exceptional,Low,Low,Unknown,M&A integration,Operations; Lean; Quality,3-5 Years,Talent Pool,Successor,High,,Dummy person profile,,,,,,,,,,,,,,,,,,,,,,
PERSON,,,,,,,,,,,,,,,P087,Jordan Brown,Sr Director,Commercial & Marketing,p087@example.com,London,M4,Exceptional,Enterprise,High,Conditional,AI transformation,Product; UX; AI,1-2 Years,Talent Pool,Successor,Medium,,Dummy person profile,,,,,,,,,,,,,,,,,,,,,,
PERSON,,,,,,,,,,,,,,,P088,Jamie Smith,GM,Finance,p088@example.com,Singapore,P4,Low,High,Low,Conditional,Global scale,Strategy; Leadership; Analytics,1-2 Years,External,Athlete,High,,Dummy person profile,,,,,,,,,,,,,,,,,,,,,,
PERSON,,,,,,,,,,,,,,,P089,Nadia Anderson,Lead,Finance,p089@example.com,Remote,ELT,Exceptional,Enterprise,Low,No,AI transformation,Finance; FP&A; Controls,1-2 Years,Talent Pool,Market Candidate,High,,Dummy person profile,,,,,,,,,,,,,,,,,,,,,,
PERSON,,,,,,,,,,,,,,,P090,Emerson Patel,VP,GTM,p090@example.com,Boston,BOLT,Low,Enterprise,High,Conditional,AI transformation,Product; UX; AI,Ready Now,External,Successor,Medium,,Dummy person profile,,,,,,,,,,,,,,,,,,,,,,
PERSON,,,,,,,,,,,,,,,P091,Kai Reed,Lead,International,p091@example.com,Remote,M5,High,Medium,Medium,Conditional,GTM transformation,Commercial; GTM; Pricing,3-5 Years,Talent Pool,Market Candidate,High,,Dummy person profile,,,,,,,,,,,,,,,,,,,,,,
PERSON,,,,,,,,,,,,,,,P092,Riley Brown,Sr Director,Product,p092@example.com,Singapore,P6,Medium,Low,Medium,No,Workday HRIS,Strategy; Leadership; Analytics,1-2 Years,External,Athlete,High,,Dummy person profile,,,,,,,,,,,,,,,,,,,,,,
PERSON,,,,,,,,,,,,,,,P093,Kiran Williams,Director,Product,p093@example.com,Boston,M4,Exceptional,Low,High,Unknown,Manufacturing ops,Commercial; GTM; Pricing,Ready Now,External,Emergency Successor,Low,,Dummy person profile,,,,,,,,,,,,,,,,,,,,,,
PERSON,,,,,,,,,,,,,,,P094,Taylor Thomas,Lead,Commercial & Marketing,p094@example.com,Singapore,BOLT,Low,Enterprise,Medium,Yes,Global scale,Product; UX; AI,3-5 Years,Internal,Successor,Low,,Dummy person profile,,,,,,,,,,,,,,,,,,,,,,
PERSON,,,,,,,,,,,,,,,P095,Kiran Hill,GM,GTM,p095@example.com,Amsterdam,P6,High,Enterprise,High,No,Public company,Finance; FP&A; Controls,Needs Development,Talent Pool,Athlete,High,,Dummy person profile,,,,,,,,,,,,,,,,,,,,,,
PERSON,,,,,,,,,,,,,,,P096,Kendall Nguyen,Sr Director,Engineering,p096@example.com,Singapore,P4,Medium,High,Low,Conditional,Quality systems,Finance; FP&A; Controls,Interim Ready,Talent Pool,Athlete,Medium,,Dummy person profile,,,,,,,,,,,,,,,,,,,,,,
PERSON,,,,,,,,,,,,,,,P097,Cameron Jackson,Head of Function,GTM,p097@example.com,Toronto,P4,High,Low,Low,Unknown,GTM transformation,Finance; FP&A; Controls,Needs Development,External,Market Candidate,Low,,Dummy person profile,,,,,,,,,,,,,,,,,,,,,,
PERSON,,,,,,,,,,,,,,,P098,Samir Gomez,Lead,Operations,p098@example.com,Remote,P5,Medium,Low,Medium,Conditional,Manufacturing ops,Finance; FP&A; Controls,Ready Now,External,Emergency Successor,Low,,Dummy person profile,,,,,,,,,,,,,,,,,,,,,,
PERSON,,,,,,,,,,,,,,,P099,Kenji Lee,Sr Director,Operations,p099@example.com,Austin,P6,Low,High,Medium,Unknown,Manufacturing ops,Workday; Payroll; HR Ops,3-5 Years,External,Athlete,High,,Dummy person profile,,,,,,,,,,,,,,,,,,,,,,
PERSON,,,,,,,,,,,,,,,P100,Indigo Williams,Principal,Product,p100@example.com,Remote,P6,High,Low,High,No,AI transformation,Workday; Payroll; HR Ops,1-2 Years,Internal,Athlete,Low,,Dummy person profile,,,,,,,,,,,,,,,,,,,,,,
PERSON,,,,,,,,,,,,,,,P101,Kendall Patel,Lead,GTM,p101@example.com,Tokyo,M4,Low,Enterprise,Low,No,M&A integration,Commercial; GTM; Pricing,1-2 Years,External,Emergency Successor,Medium,,Dummy person profile,,,,,,,,,,,,,,,,,,,,,,
PERSON,,,,,,,,,,,,,,,P102,Sofia Jackson,Head of Function,GTM,p102@example.com,Bangalore,E7,Medium,Low,Low,Conditional,Public company,Finance; FP&A; Controls,Ready Now,Talent Pool,Successor,Medium,,Dummy person profile,,,,,,,,,,,,,,,,,,,,,,
PERSON,,,,,,,,,,,,,,,P103,Finley Brown,GM,Finance,p103@example.com,Singapore,E8,Exceptional,High,Low,Conditional,Public company,Strategy; Leadership; Analytics,Needs Development,Internal,Emergency Successor,Low,,Dummy person profile,,,,,,,,,,,,,,,,,,,,,,
PERSON,,,,,,,,,,,,,,,P104,Cameron Taylor,Sr Director,GTM,p104@example.com,Toronto,E7,High,Low,Low,Unknown,Manufacturing ops,Workday; Payroll; HR Ops,Ready Now,External,Emergency Successor,Low,,Dummy person profile,,,,,,,,,,,,,,,,,,,,,,
PERSON,,,,,,,,,,,,,,,P105,Iris Johnson,GM,International,p105@example.com,Amsterdam,ELT,High,High,Medium,No,Manufacturing ops,Finance; FP&A; Controls,Interim Ready,Talent Pool,Emergency Successor,High,,Dummy person profile,,,,,,,,,,,,,,,,,,,,,,
PERSON,,,,,,,,,,,,,,,P106,Parker White,VP,Product,p106@example.com,Tokyo,M5,Exceptional,High,Low,Conditional,Global scale,Operations; Lean; Quality,Interim Ready,Talent Pool,Athlete,Low,,Dummy person profile,,,,,,,,,,,,,,,,,,,,,,
PERSON,,,,,,,,,,,,,,,P107,Jordan Jackson,VP,GTM,p107@example.com,Amsterdam,M6,Medium,Enterprise,Low,Yes,Public company,Strategy; Leadership; Analytics,Interim Ready,Talent Pool,Successor,Medium,,Dummy person profile,,,,,,,,,,,,,,,,,,,,,,
PERSON,,,,,,,,,,,,,,,P108,Leah Adams,Head of Function,Commercial & Marketing,p108@example.com,Toronto,E6,High,Low,Low,Unknown,Workday HRIS,Operations; Lean; Quality,Ready Now,Talent Pool,Market Candidate,High,,Dummy person profile,,,,,,,,,,,,,,,,,,,,,,
PERSON,,,,,,,,,,,,,,,P109,Casey Thompson,Director,Engineering,p109@example.com,Boston,M4,Medium,Medium,Low,Conditional,Global scale,Product; UX; AI,1-2 Years,Internal,Athlete,High,,Dummy person profile,,,,,,,,,,,,,,,,,,,,,,
PERSON,,,,,,,,,,,,,,,P110,Avery White,GM,GTM,p110@example.com,London,ELT,Medium,Low,Medium,Yes,Public company,Product; UX; AI,Ready Now,External,Emergency Successor,Medium,,Dummy person profile,,,,,,,,,,,,,,,,,,,,,,
PERSON,,,,,,,,,,,,,,,P111,Ravi Green,Lead,GTM,p111@example.com,Bangalore,M4,Exceptional,Low,High,Unknown,GTM transformation,Operations; Lean; Quality,Needs Development,Internal,Emergency Successor,Low,,Dummy person profile,,,,,,,,,,,,,,,,,,,,,,
PERSON,,,,,,,,,,,,,,,P112,Nolan Davis,Lead,Finance,p112@example.com,Remote,BOLT,Low,Low,Medium,Conditional,AI transformation,Workday; Payroll; HR Ops,Needs Development,External,Emergency Successor,High,,Dummy person profile,,,,,,,,,,,,,,,,,,,,,,
PERSON,,,,,,,,,,,,,,,P113,Mina Thompson,Principal,GTM,p113@example.com,Sunnyvale,BOLT,Exceptional,Low,High,No,Global scale,Workday; Payroll; HR Ops,Interim Ready,Talent Pool,Emergency Successor,High,,Dummy person profile,,,,,,,,,,,,,,,,,,,,,,
PERSON,,,,,,,,,,,,,,,P114,Indigo Singh,Lead,People / HR,p114@example.com,Toronto,M5,High,Medium,High,Conditional,Public company,Product; UX; AI,Needs Development,Internal,Athlete,Low,,Dummy person profile,,,,,,,,,,,,,,,,,,,,,,
PERSON,,,,,,,,,,,,,,,P115,Cameron King,Principal,Engineering,p115@example.com,Tokyo,BOLT,High,Medium,Medium,Conditional,GTM transformation,Product; UX; AI,3-5 Years,Talent Pool,Emergency Successor,High,,Dummy person profile,,,,,,,,,,,,,,,,,,,,,,
PERSON,,,,,,,,,,,,,,,P116,Priya Jackson,Senior Manager,International,p116@example.com,Remote,E8,High,Enterprise,Low,Conditional,GTM transformation,Operations; Lean; Quality,3-5 Years,Talent Pool,Market Candidate,Low,,Dummy person profile,,,,,,,,,,,,,,,,,,,,,,
PERSON,,,,,,,,,,,,,,,P117,Elliot Mitchell,Principal,Finance,p117@example.com,Bangalore,P4,Medium,Low,High,No,GTM transformation,Workday; Payroll; HR Ops,1-2 Years,Internal,Emergency Successor,High,,Dummy person profile,,,,,,,,,,,,,,,,,,,,,,
PERSON,,,,,,,,,,,,,,,P118,Cameron Mitchell,GM,Engineering,p118@example.com,Singapore,E8,High,High,Medium,Conditional,Quality systems,Finance; FP&A; Controls,Needs Development,External,Successor,High,,Dummy person profile,,,,,,,,,,,,,,,,,,,,,,
PERSON,,,,,,,,,,,,,,,P119,Avery Singh,GM,International,p119@example.com,Singapore,M6,Medium,Medium,Low,Conditional,Global scale,Strategy; Leadership; Analytics,Interim Ready,Internal,Market Candidate,High,,Dummy person profile,,,,,,,,,,,,,,,,,,,,,,
PERSON,,,,,,,,,,,,,,,P120,Kai Martin,Lead,People / HR,p120@example.com,Singapore,E6,High,Low,Low,Unknown,Manufacturing ops,Operations; Lean; Quality,3-5 Years,Talent Pool,Successor,Low,,Dummy person profile,,,,,,,,,,,,,,,,,,,,,,
PERSON,,,,,,,,,,,,,,,P121,Anika Brown,Director,Operations,p121@example.com,Amsterdam,P5,Low,High,Low,Yes,Global scale,Operations; Lean; Quality,Interim Ready,External,Athlete,Low,,Dummy person profile,,,,,,,,,,,,,,,,,,,,,,
PERSON,,,,,,,,,,,,,,,P122,Hayden Reed,GM,Commercial & Marketing,p122@example.com,Singapore,E6,Low,Enterprise,Low,Conditional,M&A integration,Commercial; GTM; Pricing,Ready Now,Talent Pool,Successor,High,,Dummy person profile,,,,,,,,,,,,,,,,,,,,,,
PERSON,,,,,,,,,,,,,,,P123,Kendall Wright,GM,International,p123@example.com,Tokyo,M6,Medium,Low,High,Unknown,Public company,Commercial; GTM; Pricing,1-2 Years,External,Successor,Medium,,Dummy person profile,,,,,,,,,,,,,,,,,,,,,,
PERSON,,,,,,,,,,,,,,,P124,Harper Thomas,Senior Manager,International,p124@example.com,Bangalore,BOLT,High,Low,Medium,Conditional,Workday HRIS,Workday; Payroll; HR Ops,3-5 Years,Talent Pool,Market Candidate,High,,Dummy person profile,,,,,,,,,,,,,,,,,,,,,,
PERSON,,,,,,,,,,,,,,,P125,Nadia Brown,GM,International,p125@example.com,Boston,E6,Exceptional,High,Low,Conditional,Quality systems,Workday; Payroll; HR Ops,1-2 Years,Talent Pool,Market Candidate,High,,Dummy person profile,,,,,,,,,,,,,,,,,,,,,,
PERSON,,,,,,,,,,,,,,,P126,Drew Jackson,GM,International,p126@example.com,London,P6,High,High,Medium,No,M&A integration,Operations; Lean; Quality,3-5 Years,External,Market Candidate,High,,Dummy person profile,,,,,,,,,,,,,,,,,,,,,,
PERSON,,,,,,,,,,,,,,,P127,Emerson Kim,Lead,People / HR,p127@example.com,Singapore,E6,High,Enterprise,High,Conditional,M&A integration,Finance; FP&A; Controls,Interim Ready,Internal,Athlete,High,,Dummy person profile,,,,,,,,,,,,,,,,,,,,,,
PERSON,,,,,,,,,,,,,,,P128,Emerson Young,Lead,Engineering,p128@example.com,Bangalore,E7,Exceptional,High,Low,Yes,Manufacturing ops,Operations; Lean; Quality,3-5 Years,External,Emergency Successor,High,,Dummy person profile,,,,,,,,,,,,,,,,,,,,,,
PERSON,,,,,,,,,,,,,,,P129,Indigo Martin,Director,Engineering,p129@example.com,Austin,P5,Low,Low,High,Conditional,M&A integration,Commercial; GTM; Pricing,Ready Now,External,Market Candidate,Low,,Dummy person profile,,,,,,,,,,,,,,,,,,,,,,
PERSON,,,,,,,,,,,,,,,P130,Harper Wright,VP,Finance,p130@example.com,Amsterdam,M4,Low,Medium,High,Yes,Quality systems,Workday; Payroll; HR Ops,Interim Ready,Talent Pool,Emergency Successor,High,,Dummy person profile,,,,,,,,,,,,,,,,,,,,,,
PERSON,,,,,,,,,,,,,,,P131,Nolan Taylor,Sr Director,Commercial & Marketing,p131@example.com,Tokyo,ELT,Exceptional,Low,Medium,No,AI transformation,Operations; Lean; Quality,1-2 Years,External,Emergency Successor,Low,,Dummy person profile,,,,,,,,,,,,,,,,,,,,,,
PERSON,,,,,,,,,,,,,,,P132,Mina Kim,Senior Manager,Operations,p132@example.com,Singapore,M6,Exceptional,Enterprise,Medium,No,Quality systems,Finance; FP&A; Controls,3-5 Years,Talent Pool,Market Candidate,Low,,Dummy person profile,,,,,,,,,,,,,,,,,,,,,,
PERSON,,,,,,,,,,,,,,,P133,Sofia Anderson,Senior Manager,International,p133@example.com,Tokyo,E6,Low,Medium,Medium,Unknown,Workday HRIS,Operations; Lean; Quality,Needs Development,External,Emergency Successor,Medium,,Dummy person profile,,,,,,,,,,,,,,,,,,,,,,
PERSON,,,,,,,,,,,,,,,P134,Tatum Thomas,Sr Director,Finance,p134@example.com,Amsterdam,P4,Exceptional,Enterprise,Medium,No,M&A integration,Strategy; Leadership; Analytics,3-5 Years,Talent Pool,Successor,Medium,,Dummy person profile,,,,,,,,,,,,,,,,,,,,,,
PERSON,,,,,,,,,,,,,,,P135,Ari Green,GM,Finance,p135@example.com,Tokyo,E7,Low,Low,Low,Yes,Workday HRIS,Workday; Payroll; HR Ops,Ready Now,Talent Pool,Athlete,Low,,Dummy person profile,,,,,,,,,,,,,,,,,,,,,,
PERSON,,,,,,,,,,,,,,,P136,Oakley Kim,Head of Function,Product,p136@example.com,Toronto,M4,High,Medium,Low,No,AI transformation,Operations; Lean; Quality,Needs Development,External,Athlete,Medium,,Dummy person profile,,,,,,,,,,,,,,,,,,,,,,
PERSON,,,,,,,,,,,,,,,P137,Avery Jackson,Sr Director,Commercial & Marketing,p137@example.com,Amsterdam,E7,High,Medium,Medium,No,Global scale,Commercial; GTM; Pricing,Needs Development,Internal,Market Candidate,High,,Dummy person profile,,,,,,,,,,,,,,,,,,,,,,
PERSON,,,,,,,,,,,,,,,P138,Alex White,Lead,Product,p138@example.com,London,M4,Exceptional,Medium,High,Conditional,M&A integration,Workday; Payroll; HR Ops,Ready Now,External,Athlete,Low,,Dummy person profile,,,,,,,,,,,,,,,,,,,,,,
PERSON,,,,,,,,,,,,,,,P139,Lane Anderson,VP,Operations,p139@example.com,Toronto,E6,Medium,Medium,High,Conditional,AI transformation,Finance; FP&A; Controls,3-5 Years,Internal,Emergency Successor,Low,,Dummy person profile,,,,,,,,,,,,,,,,,,,,,,
PERSON,,,,,,,,,,,,,,,P140,Gray Davis,GM,Operations,p140@example.com,Toronto,E7,High,Low,Medium,No,Quality systems,Product; UX; AI,3-5 Years,External,Successor,Medium,,Dummy person profile,,,,,,,,,,,,,,,,,,,,,,
PERSON,,,,,,,,,,,,,,,P141,Anika Young,VP,People / HR,p141@example.com,Remote,M4,Low,Medium,Medium,Unknown,GTM transformation,Operations; Lean; Quality,3-5 Years,External,Athlete,High,,Dummy person profile,,,,,,,,,,,,,,,,,,,,,,
PERSON,,,,,,,,,,,,,,,P142,Indigo Adams,GM,Operations,p142@example.com,Amsterdam,M6,Exceptional,Enterprise,High,No,Workday HRIS,Operations; Lean; Quality,Interim Ready,Internal,Emergency Successor,Low,,Dummy person profile,,,,,,,,,,,,,,,,,,,,,,
PERSON,,,,,,,,,,,,,,,P143,Owen Young,Sr Director,Product,p143@example.com,Sunnyvale,P6,Medium,Medium,Low,Unknown,Quality systems,Strategy; Leadership; Analytics,1-2 Years,Talent Pool,Emergency Successor,High,,Dummy person profile,,,,,,,,,,,,,,,,,,,,,,
PERSON,,,,,,,,,,,,,,,P144,Maya Hill,VP,International,p144@example.com,Boston,E8,Exceptional,Enterprise,High,Yes,Quality systems,Operations; Lean; Quality,3-5 Years,Talent Pool,Successor,Medium,,Dummy person profile,,,,,,,,,,,,,,,,,,,,,,
PERSON,,,,,,,,,,,,,,,P145,Quinn Chen,Sr Director,People / HR,p145@example.com,Sunnyvale,M5,Low,High,High,Yes,GTM transformation,Commercial; GTM; Pricing,Ready Now,External,Emergency Successor,High,,Dummy person profile,,,,,,,,,,,,,,,,,,,,,,
PERSON,,,,,,,,,,,,,,,P146,Sofia Johnson,Lead,GTM,p146@example.com,Austin,M4,Exceptional,Enterprise,Low,No,Public company,Strategy; Leadership; Analytics,1-2 Years,Talent Pool,Emergency Successor,Low,,Dummy person profile,,,,,,,,,,,,,,,,,,,,,,
PERSON,,,,,,,,,,,,,,,P147,Indigo Moore,VP,Commercial & Marketing,p147@example.com,London,M4,Exceptional,Enterprise,Low,No,Quality systems,Product; UX; AI,1-2 Years,External,Athlete,Low,,Dummy person profile,,,,,,,,,,,,,,,,,,,,,,
PERSON,,,,,,,,,,,,,,,P148,Nadia Smith,Head of Function,Commercial & Marketing,p148@example.com,Amsterdam,ELT,Medium,Medium,Low,Yes,Global scale,Commercial; GTM; Pricing,Interim Ready,Talent Pool,Successor,High,,Dummy person profile,,,,,,,,,,,,,,,,,,,,,,
PERSON,,,,,,,,,,,,,,,P149,Ravi Patel,GM,GTM,p149@example.com,Tokyo,P6,Medium,High,Low,Unknown,Workday HRIS,Operations; Lean; Quality,Interim Ready,External,Market Candidate,High,,Dummy person profile,,,,,,,,,,,,,,,,,,,,,,
PERSON,,,,,,,,,,,,,,,P150,Taylor Williams,Head of Function,People / HR,p150@example.com,London,E6,High,Medium,High,Conditional,Quality systems,Strategy; Leadership; Analytics,3-5 Years,Talent Pool,Emergency Successor,Low,,Dummy person profile,,,,,,,,,,,,,,,,,,,,,,
ROLE,BOARD-OPS,,R-CEO,Chief Executive Officer,CEO,Operations,,P001,Mei Smith,Medium,Mission Critical,HRBP Lead,Ready Slate,1,,,,,,,,,,,,,,,,,,,,,,,,,,,,,,,,,,,,,,,,,
ROLE,BOARD-FIN,,R-CFO,Chief Financial Officer,C-Suite,Finance,R-CEO,P002,Payton Gomez,High,Mission Critical,HRBP Lead,Needs Review,1,,,,,,,,,,,,,,,,,,,,,,,,,,,,,,,,,,,,,,,,,
ROLE,BOARD-HR,,R-CHRO,Chief People Officer,C-Suite,People / HR,R-CEO,P003,Noor Lee,High,Medium,ELT Sponsor,Active Plan,2,,,,,,,,,,,,,,,,,,,,,,,,,,,,,,,,,,,,,,,,,
ROLE,BOARD-PROD,,R-CPO,Chief Product Officer,C-Suite,Product,R-CEO,P004,Finley Mitchell,Medium,Medium,ELT Sponsor,Needs Review,3,,,,,,,,,,,,,,,,,,,,,,,,,,,,,,,,,,,,,,,,,
ROLE,BOARD-OPS,,R-COO,Chief Operating Officer,C-Suite,Operations,R-CEO,P005,Lane Young,Medium,Low,ELT Sponsor,Ready Slate,4,,,,,,,,,,,,,,,,,,,,,,,,,,,,,,,,,,,,,,,,,
ROLE,BOARD-GTM,,R-CRO,Chief Revenue Officer,C-Suite,GTM,R-CEO,,VACANT,High,Medium,TA Lead,Vacant,5,,,,,,,,,,,,,,,,,,,,,,,,,,,,,,,,,,,,,,,,,
ROLE,BOARD-ENG,,R-CTO,Chief Technology Officer,C-Suite,Engineering,R-CEO,P007,Anika Nelson,High,Low,TA Lead,Needs Review,6,,,,,,,,,,,,,,,,,,,,,,,,,,,,,,,,,,,,,,,,,
ROLE,BOARD-COMM,,R-CMO,Chief Commercial & Marketing Officer,C-Suite,Commercial & Marketing,R-CEO,P008,Payton Nelson,High,Medium,ELT Sponsor,Needs Review,7,,,,,,,,,,,,,,,,,,,,,,,,,,,,,,,,,,,,,,,,,
ROLE,BOARD-COMM,,R-COMM-EVP-1,"EVP, Commercial & Marketing 1",EVP,Commercial & Marketing,R-CMO,P086,Mei Morgan,Low,Medium,HRBP Lead,Active Plan,1,,,,,,,,,,,,,,,,,,,,,,,,,,,,,,,,,,,,,,,,,
ROLE,BOARD-COMM,,R-COMM-EVP-2,"EVP, Commercial & Marketing 2",EVP,Commercial & Marketing,R-CMO,P123,Kendall Wright,High,Medium,ELT Sponsor,Needs Review,2,,,,,,,,,,,,,,,,,,,,,,,,,,,,,,,,,,,,,,,,,
ROLE,BOARD-COMM,,R-COMM-SVP-1,"SVP, Commercial & Marketing 1",SVP,Commercial & Marketing,R-CMO,P142,Indigo Adams,Medium,Mission Critical,ELT Sponsor,Ready Slate,3,,,,,,,,,,,,,,,,,,,,,,,,,,,,,,,,,,,,,,,,,
ROLE,BOARD-COMM,,R-COMM-SVP-2,"SVP, Commercial & Marketing 2",SVP,Commercial & Marketing,R-CMO,P079,Oakley Reed,High,Mission Critical,ELT Sponsor,Active Plan,4,,,,,,,,,,,,,,,,,,,,,,,,,,,,,,,,,,,,,,,,,
ROLE,BOARD-COMM,,R-COMM-VP-1,"VP, Commercial & Marketing 1",VP,Commercial & Marketing,R-CMO,P121,Anika Brown,Medium,Medium,People Analytics,Ready Slate,5,,,,,,,,,,,,,,,,,,,,,,,,,,,,,,,,,,,,,,,,,
ROLE,BOARD-COMM,,R-COMM-VP-2,"VP, Commercial & Marketing 2",VP,Commercial & Marketing,R-CMO,,VACANT,Low,Medium,TA Lead,Vacant,6,,,,,,,,,,,,,,,,,,,,,,,,,,,,,,,,,,,,,,,,,
ROLE,BOARD-COMM,,R-COMM-VP-3,"VP, Commercial & Marketing 3",VP,Commercial & Marketing,R-CMO,P067,Alex Baker,High,Mission Critical,People Analytics,Needs Review,7,,,,,,,,,,,,,,,,,,,,,,,,,,,,,,,,,,,,,,,,,
ROLE,BOARD-COMM,,R-COMM-SRDIRECTOR-1,"Sr Director, Commercial & Marketing 1",Sr Director,Commercial & Marketing,R-CMO,P051,Dakota Green,Medium,Medium,ELT Sponsor,Ready Slate,8,,,,,,,,,,,,,,,,,,,,,,,,,,,,,,,,,,,,,,,,,
ROLE,BOARD-COMM,,R-COMM-SRDIRECTOR-2,"Sr Director, Commercial & Marketing 2",Sr Director,Commercial & Marketing,R-CMO,P066,Hayden Carter,Medium,Mission Critical,ELT Sponsor,Needs Review,9,,,,,,,,,,,,,,,,,,,,,,,,,,,,,,,,,,,,,,,,,
ROLE,BOARD-COMM,,R-COMM-DIRECTOR-1,"Director, Commercial & Marketing 1",Director,Commercial & Marketing,R-CMO,P091,Kai Reed,High,Mission Critical,HRBP Lead,Active Plan,10,,,,,,,,,,,,,,,,,,,,,,,,,,,,,,,,,,,,,,,,,
ROLE,BOARD-COMM,,R-COMM-DIRECTOR-2,"Director, Commercial & Marketing 2",Director,Commercial & Marketing,R-CMO,,VACANT,Low,Low,TA Lead,Vacant,11,,,,,,,,,,,,,,,,,,,,,,,,,,,,,,,,,,,,,,,,,
ROLE,BOARD-COMM,,R-COMM-SENIORMANAGER-1,"Senior Manager, Commercial & Marketing 1",Senior Manager,Commercial & Marketing,R-CMO,,VACANT,High,Medium,TA Lead,Vacant,12,,,,,,,,,,,,,,,,,,,,,,,,,,,,,,,,,,,,,,,,,
ROLE,BOARD-PROD,,R-PROD-EVP-1,"EVP, Product 1",EVP,Product,R-CPO,,VACANT,High,Mission Critical,People Analytics,Vacant,13,,,,,,,,,,,,,,,,,,,,,,,,,,,,,,,,,,,,,,,,,
ROLE,BOARD-PROD,,R-PROD-EVP-2,"EVP, Product 2",EVP,Product,R-CPO,P016,Leah Singh,High,Mission Critical,ELT Sponsor,Active Plan,14,,,,,,,,,,,,,,,,,,,,,,,,,,,,,,,,,,,,,,,,,
ROLE,BOARD-PROD,,R-PROD-SVP-1,"SVP, Product 1",SVP,Product,R-CPO,P002,Payton Gomez,Medium,Low,TA Lead,Ready Slate,15,,,,,,,,,,,,,,,,,,,,,,,,,,,,,,,,,,,,,,,,,
ROLE,BOARD-PROD,,R-PROD-SVP-2,"SVP, Product 2",SVP,Product,R-CPO,P138,Alex White,Low,Mission Critical,HRBP Lead,Active Plan,16,,,,,,,,,,,,,,,,,,,,,,,,,,,,,,,,,,,,,,,,,
ROLE,BOARD-PROD,,R-PROD-VP-1,"VP, Product 1",VP,Product,R-CPO,P025,Leah Brown,Low,Medium,Succession PMO,Ready Slate,17,,,,,,,,,,,,,,,,,,,,,,,,,,,,,,,,,,,,,,,,,
ROLE,BOARD-PROD,,R-PROD-VP-2,"VP, Product 2",VP,Product,R-CPO,P091,Kai Reed,Medium,Low,People Analytics,Action Required,18,,,,,,,,,,,,,,,,,,,,,,,,,,,,,,,,,,,,,,,,,
ROLE,BOARD-PROD,,R-PROD-VP-3,"VP, Product 3",VP,Product,R-CPO,P118,Cameron Mitchell,High,Medium,People Analytics,Active Plan,19,,,,,,,,,,,,,,,,,,,,,,,,,,,,,,,,,,,,,,,,,
ROLE,BOARD-PROD,,R-PROD-SRDIRECTOR-1,"Sr Director, Product 1",Sr Director,Product,R-CPO,,VACANT,Medium,Mission Critical,Succession PMO,Vacant,20,,,,,,,,,,,,,,,,,,,,,,,,,,,,,,,,,,,,,,,,,
ROLE,BOARD-PROD,,R-PROD-SRDIRECTOR-2,"Sr Director, Product 2",Sr Director,Product,R-CPO,,VACANT,Low,Medium,TA Lead,Vacant,21,,,,,,,,,,,,,,,,,,,,,,,,,,,,,,,,,,,,,,,,,
ROLE,BOARD-PROD,,R-PROD-DIRECTOR-1,"Director, Product 1",Director,Product,R-CPO,P128,Emerson Young,High,High,Succession PMO,Active Plan,22,,,,,,,,,,,,,,,,,,,,,,,,,,,,,,,,,,,,,,,,,
ROLE,BOARD-PROD,,R-PROD-DIRECTOR-2,"Director, Product 2",Director,Product,R-CPO,P136,Oakley Kim,Low,Medium,Succession PMO,Action Required,23,,,,,,,,,,,,,,,,,,,,,,,,,,,,,,,,,,,,,,,,,
ROLE,BOARD-PROD,,R-PROD-SENIORMANAGER-1,"Senior Manager, Product 1",Senior Manager,Product,R-CPO,,VACANT,Low,High,Succession PMO,Vacant,24,,,,,,,,,,,,,,,,,,,,,,,,,,,,,,,,,,,,,,,,,
ROLE,BOARD-OPS,,R-OPER-EVP-1,"EVP, Operations 1",EVP,Operations,R-COO,P145,Quinn Chen,Low,High,TA Lead,Needs Review,25,,,,,,,,,,,,,,,,,,,,,,,,,,,,,,,,,,,,,,,,,
ROLE,BOARD-OPS,,R-OPER-EVP-2,"EVP, Operations 2",EVP,Operations,R-COO,P037,Oakley Thomas,High,Mission Critical,TA Lead,Ready Slate,26,,,,,,,,,,,,,,,,,,,,,,,,,,,,,,,,,,,,,,,,,
ROLE,BOARD-OPS,,R-OPER-SVP-1,"SVP, Operations 1",SVP,Operations,R-COO,P042,Nora White,High,Mission Critical,Succession PMO,Ready Slate,27,,,,,,,,,,,,,,,,,,,,,,,,,,,,,,,,,,,,,,,,,
ROLE,BOARD-OPS,,R-OPER-SVP-2,"SVP, Operations 2",SVP,Operations,R-COO,P099,Kenji Lee,Low,Low,Succession PMO,Ready Slate,28,,,,,,,,,,,,,,,,,,,,,,,,,,,,,,,,,,,,,,,,,
ROLE,BOARD-OPS,,R-OPER-VP-1,"VP, Operations 1",VP,Operations,R-COO,,VACANT,Low,Low,People Analytics,Vacant,29,,,,,,,,,,,,,,,,,,,,,,,,,,,,,,,,,,,,,,,,,
ROLE,BOARD-OPS,,R-OPER-VP-2,"VP, Operations 2",VP,Operations,R-COO,P102,Sofia Jackson,Medium,Low,People Analytics,Action Required,30,,,,,,,,,,,,,,,,,,,,,,,,,,,,,,,,,,,,,,,,,
ROLE,BOARD-OPS,,R-OPER-VP-3,"VP, Operations 3",VP,Operations,R-COO,P126,Drew Jackson,High,Mission Critical,ELT Sponsor,Needs Review,31,,,,,,,,,,,,,,,,,,,,,,,,,,,,,,,,,,,,,,,,,
ROLE,BOARD-OPS,,R-OPER-SRDIRECTOR-1,"Sr Director, Operations 1",Sr Director,Operations,R-COO,P150,Taylor Williams,Low,High,HRBP Lead,Active Plan,32,,,,,,,,,,,,,,,,,,,,,,,,,,,,,,,,,,,,,,,,,
ROLE,BOARD-OPS,,R-OPER-SRDIRECTOR-2,"Sr Director, Operations 2",Sr Director,Operations,R-COO,P022,Skyler Gomez,Medium,Medium,ELT Sponsor,Ready Slate,33,,,,,,,,,,,,,,,,,,,,,,,,,,,,,,,,,,,,,,,,,
ROLE,BOARD-OPS,,R-OPER-DIRECTOR-1,"Director, Operations 1",Director,Operations,R-COO,,VACANT,Low,High,ELT Sponsor,Vacant,34,,,,,,,,,,,,,,,,,,,,,,,,,,,,,,,,,,,,,,,,,
ROLE,BOARD-OPS,,R-OPER-DIRECTOR-2,"Director, Operations 2",Director,Operations,R-COO,P093,Kiran Williams,Low,Medium,TA Lead,Needs Review,35,,,,,,,,,,,,,,,,,,,,,,,,,,,,,,,,,,,,,,,,,
ROLE,BOARD-OPS,,R-OPER-SENIORMANAGER-1,"Senior Manager, Operations 1",Senior Manager,Operations,R-COO,P111,Ravi Green,High,Mission Critical,TA Lead,Active Plan,36,,,,,,,,,,,,,,,,,,,,,,,,,,,,,,,,,,,,,,,,,
ROLE,BOARD-HR,,R-PEOP-EVP-1,"EVP, People / HR 1",EVP,People / HR,R-CHRO,P023,Riley Johnson,Low,High,ELT Sponsor,Active Plan,37,,,,,,,,,,,,,,,,,,,,,,,,,,,,,,,,,,,,,,,,,
ROLE,BOARD-HR,,R-PEOP-EVP-2,"EVP, People / HR 2",EVP,People / HR,R-CHRO,P075,Casey Young,Low,Medium,Succession PMO,Needs Review,38,,,,,,,,,,,,,,,,,,,,,,,,,,,,,,,,,,,,,,,,,
ROLE,BOARD-HR,,R-PEOP-SVP-1,"SVP, People / HR 1",SVP,People / HR,R-CHRO,P098,Samir Gomez,Medium,High,People Analytics,Action Required,39,,,,,,,,,,,,,,,,,,,,,,,,,,,,,,,,,,,,,,,,,
ROLE,BOARD-HR,,R-PEOP-SVP-2,"SVP, People / HR 2",SVP,People / HR,R-CHRO,,VACANT,Medium,High,ELT Sponsor,Vacant,40,,,,,,,,,,,,,,,,,,,,,,,,,,,,,,,,,,,,,,,,,
ROLE,BOARD-HR,,R-PEOP-VP-1,"VP, People / HR 1",VP,People / HR,R-CHRO,P077,Riley Williams,Low,High,People Analytics,Needs Review,41,,,,,,,,,,,,,,,,,,,,,,,,,,,,,,,,,,,,,,,,,
ROLE,BOARD-HR,,R-PEOP-VP-2,"VP, People / HR 2",VP,People / HR,R-CHRO,P127,Emerson Kim,Low,Mission Critical,TA Lead,Needs Review,42,,,,,,,,,,,,,,,,,,,,,,,,,,,,,,,,,,,,,,,,,
ROLE,BOARD-HR,,R-PEOP-VP-3,"VP, People / HR 3",VP,People / HR,R-CHRO,,VACANT,Medium,High,Succession PMO,Vacant,43,,,,,,,,,,,,,,,,,,,,,,,,,,,,,,,,,,,,,,,,,
ROLE,BOARD-HR,,R-PEOP-SRDIRECTOR-1,"Sr Director, People / HR 1",Sr Director,People / HR,R-CHRO,P098,Samir Gomez,Medium,Mission Critical,People Analytics,Action Required,44,,,,,,,,,,,,,,,,,,,,,,,,,,,,,,,,,,,,,,,,,
ROLE,BOARD-HR,,R-PEOP-SRDIRECTOR-2,"Sr Director, People / HR 2",Sr Director,People / HR,R-CHRO,P035,Reese Lee,High,Medium,ELT Sponsor,Ready Slate,45,,,,,,,,,,,,,,,,,,,,,,,,,,,,,,,,,,,,,,,,,
ROLE,BOARD-HR,,R-PEOP-DIRECTOR-1,"Director, People / HR 1",Director,People / HR,R-CHRO,P046,Emerson Taylor,Medium,High,ELT Sponsor,Needs Review,46,,,,,,,,,,,,,,,,,,,,,,,,,,,,,,,,,,,,,,,,,
ROLE,BOARD-HR,,R-PEOP-DIRECTOR-2,"Director, People / HR 2",Director,People / HR,R-CHRO,P084,Lena Adams,Medium,High,TA Lead,Needs Review,47,,,,,,,,,,,,,,,,,,,,,,,,,,,,,,,,,,,,,,,,,
ROLE,BOARD-HR,,R-PEOP-SENIORMANAGER-1,"Senior Manager, People / HR 1",Senior Manager,People / HR,R-CHRO,P140,Gray Davis,High,Low,ELT Sponsor,Needs Review,48,,,,,,,,,,,,,,,,,,,,,,,,,,,,,,,,,,,,,,,,,
ROLE,BOARD-FIN,,R-FINA-EVP-1,"EVP, Finance 1",EVP,Finance,R-CFO,P113,Mina Thompson,High,Low,ELT Sponsor,Action Required,49,,,,,,,,,,,,,,,,,,,,,,,,,,,,,,,,,,,,,,,,,
ROLE,BOARD-FIN,,R-FINA-EVP-2,"EVP, Finance 2",EVP,Finance,R-CFO,P036,Lane Wright,Low,High,HRBP Lead,Action Required,50,,,,,,,,,,,,,,,,,,,,,,,,,,,,,,,,,,,,,,,,,
ROLE,BOARD-FIN,,R-FINA-SVP-1,"SVP, Finance 1",SVP,Finance,R-CFO,,VACANT,High,Mission Critical,Succession PMO,Vacant,51,,,,,,,,,,,,,,,,,,,,,,,,,,,,,,,,,,,,,,,,,
ROLE,BOARD-FIN,,R-FINA-SVP-2,"SVP, Finance 2",SVP,Finance,R-CFO,P103,Finley Brown,High,Mission Critical,Succession PMO,Active Plan,52,,,,,,,,,,,,,,,,,,,,,,,,,,,,,,,,,,,,,,,,,
ROLE,BOARD-FIN,,R-FINA-VP-1,"VP, Finance 1",VP,Finance,R-CFO,P093,Kiran Williams,High,Low,TA Lead,Needs Review,53,,,,,,,,,,,,,,,,,,,,,,,,,,,,,,,,,,,,,,,,,
ROLE,BOARD-FIN,,R-FINA-VP-2,"VP, Finance 2",VP,Finance,R-CFO,P091,Kai Reed,High,Low,Succession PMO,Action Required,54,,,,,,,,,,,,,,,,,,,,,,,,,,,,,,,,,,,,,,,,,
ROLE,BOARD-FIN,,R-FINA-VP-3,"VP, Finance 3",VP,Finance,R-CFO,P085,Ari Thomas,Medium,Low,TA Lead,Active Plan,55,,,,,,,,,,,,,,,,,,,,,,,,,,,,,,,,,,,,,,,,,
ROLE,BOARD-FIN,,R-FINA-SRDIRECTOR-1,"Sr Director, Finance 1",Sr Director,Finance,R-CFO,P067,Alex Baker,High,Medium,ELT Sponsor,Ready Slate,56,,,,,,,,,,,,,,,,,,,,,,,,,,,,,,,,,,,,,,,,,
ROLE,BOARD-FIN,,R-FINA-SRDIRECTOR-2,"Sr Director, Finance 2",Sr Director,Finance,R-CFO,P101,Kendall Patel,High,Medium,People Analytics,Active Plan,57,,,,,,,,,,,,,,,,,,,,,,,,,,,,,,,,,,,,,,,,,
ROLE,BOARD-FIN,,R-FINA-DIRECTOR-1,"Director, Finance 1",Director,Finance,R-CFO,,VACANT,Medium,Low,TA Lead,Vacant,58,,,,,,,,,,,,,,,,,,,,,,,,,,,,,,,,,,,,,,,,,
ROLE,BOARD-FIN,,R-FINA-DIRECTOR-2,"Director, Finance 2",Director,Finance,R-CFO,P037,Oakley Thomas,Medium,Mission Critical,HRBP Lead,Action Required,59,,,,,,,,,,,,,,,,,,,,,,,,,,,,,,,,,,,,,,,,,
ROLE,BOARD-FIN,,R-FINA-SENIORMANAGER-1,"Senior Manager, Finance 1",Senior Manager,Finance,R-CFO,P090,Emerson Patel,Medium,Mission Critical,People Analytics,Active Plan,60,,,,,,,,,,,,,,,,,,,,,,,,,,,,,,,,,,,,,,,,,
ROLE,BOARD-ENG,,R-ENGI-EVP-1,"EVP, Engineering 1",EVP,Engineering,R-CTO,,VACANT,High,Low,TA Lead,Vacant,61,,,,,,,,,,,,,,,,,,,,,,,,,,,,,,,,,,,,,,,,,
ROLE,BOARD-ENG,,R-ENGI-EVP-2,"EVP, Engineering 2",EVP,Engineering,R-CTO,P088,Jamie Smith,High,Medium,HRBP Lead,Needs Review,62,,,,,,,,,,,,,,,,,,,,,,,,,,,,,,,,,,,,,,,,,
ROLE,BOARD-ENG,,R-ENGI-SVP-1,"SVP, Engineering 1",SVP,Engineering,R-CTO,P142,Indigo Adams,High,Mission Critical,ELT Sponsor,Needs Review,63,,,,,,,,,,,,,,,,,,,,,,,,,,,,,,,,,,,,,,,,,
ROLE,BOARD-ENG,,R-ENGI-SVP-2,"SVP, Engineering 2",SVP,Engineering,R-CTO,P104,Cameron Taylor,Low,Mission Critical,ELT Sponsor,Active Plan,64,,,,,,,,,,,,,,,,,,,,,,,,,,,,,,,,,,,,,,,,,
SUCCESSOR,,,S0001,,,,,,,,,,,,P110,,,,,,,,,,,,,Ready Now,External,Emergency Successor,Medium,1,Strong cross-functional sponsor,R-CEO,false,false,,,,,,,,,,,,,,,,,,,
SUCCESSOR,,,S0002,,,,,,,,,,,,P052,,,,,,,,,,,,,3-5 Years,Talent Pool,Emergency Successor,High,2,Strong cross-functional sponsor,R-CEO,false,false,,,,,,,,,,,,,,,,,,,
SUCCESSOR,,,S0003,,,,,,,,,,,,P034,,,,,,,,,,,,,Ready Now,Talent Pool,Market Candidate,High,3,Strong cross-functional sponsor,R-CEO,false,false,,,,,,,,,,,,,,,,,,,
SUCCESSOR,,,S0004,,,,,,,,,,,,P043,,,,,,,,,,,,,1-2 Years,Internal,Market Candidate,Medium,1,Stretch candidate,R-CFO,false,false,,,,,,,,,,,,,,,,,,,
SUCCESSOR,,,S0005,,,,,,,,,,,,P014,,,,,,,,,,,,,Needs Development,External,Emergency Successor,Low,2,,R-CFO,false,false,,,,,,,,,,,,,,,,,,,
SUCCESSOR,,,S0006,,,,,,,,,,,,P102,,,,,,,,,,,,,Ready Now,Talent Pool,Successor,Medium,3,,R-CFO,false,false,,,,,,,,,,,,,,,,,,,
SUCCESSOR,,,S0007,,,,,,,,,,,,P079,,,,,,,,,,,,,Ready Now,External,Emergency Successor,High,4,,R-CFO,false,false,,,,,,,,,,,,,,,,,,,
SUCCESSOR,,,S0008,,,,,,,,,,,,P011,,,,,,,,,,,,,Interim Ready,Talent Pool,Emergency Successor,High,1,,R-CHRO,false,false,,,,,,,,,,,,,,,,,,,
SUCCESSOR,,,S0009,,,,,,,,,,,,P114,,,,,,,,,,,,,Needs Development,Internal,Athlete,Low,2,Needs mobility discussion,R-CHRO,false,false,,,,,,,,,,,,,,,,,,,
SUCCESSOR,,,S0010,,,,,,,,,,,,P003,,,,,,,,,,,,,Needs Development,Talent Pool,Successor,Medium,3,Needs mobility discussion,R-CHRO,false,false,,,,,,,,,,,,,,,,,,,
SUCCESSOR,,,S0011,,,,,,,,,,,,P023,,,,,,,,,,,,,Ready Now,External,Athlete,Medium,1,Stretch candidate,R-CPO,false,false,,,,,,,,,,,,,,,,,,,
SUCCESSOR,,,S0012,,,,,,,,,,,,P027,,,,,,,,,,,,,Interim Ready,External,Market Candidate,Low,2,Stretch candidate,R-CPO,false,false,,,,,,,,,,,,,,,,,,,
SUCCESSOR,,,S0013,,,,,,,,,,,,P081,,,,,,,,,,,,,Ready Now,External,Emergency Successor,Medium,3,Stretch candidate,R-CPO,false,false,,,,,,,,,,,,,,,,,,,
SUCCESSOR,,,S0014,,,,,,,,,,,,P095,,,,,,,,,,,,,Needs Development,Talent Pool,Athlete,High,4,High potential bench,R-CPO,false,true,,,,,,,,,,,,,,,,,,,
SUCCESSOR,,,S0015,,,,,,,,,,,,P043,,,,,,,,,,,,,1-2 Years,Internal,Market Candidate,Medium,1,High potential bench,R-COO,false,false,,,,,,,,,,,,,,,,,,,
SUCCESSOR,,,S0016,,,,,,,,,,,,P113,,,,,,,,,,,,,Interim Ready,Talent Pool,Emergency Successor,High,2,Stretch candidate,R-COO,false,false,,,,,,,,,,,,,,,,,,,
SUCCESSOR,,,S0017,,,,,,,,,,,,P090,,,,,,,,,,,,,Ready Now,External,Successor,Medium,3,,R-COO,false,false,,,,,,,,,,,,,,,,,,,
SUCCESSOR,,,S0018,,,,,,,,,,,,P055,,,,,,,,,,,,,Interim Ready,External,Emergency Successor,High,4,,R-COO,false,false,,,,,,,,,,,,,,,,,,,
SUCCESSOR,,,S0019,,,,,,,,,,,,P039,,,,,,,,,,,,,Ready Now,Talent Pool,Successor,High,5,Needs mobility discussion,R-COO,false,false,,,,,,,,,,,,,,,,,,,
SUCCESSOR,,,S0020,,,,,,,,,,,,P081,,,,,,,,,,,,,Ready Now,External,Emergency Successor,Medium,1,Stretch candidate,R-CRO,false,false,,,,,,,,,,,,,,,,,,,
SUCCESSOR,,,S0021,,,,,,,,,,,,P036,,,,,,,,,,,,,Needs Development,External,Athlete,Medium,2,High potential bench,R-CRO,false,false,,,,,,,,,,,,,,,,,,,
SUCCESSOR,,,S0022,,,,,,,,,,,,P064,,,,,,,,,,,,,Ready Now,External,Successor,Low,3,Strong cross-functional sponsor,R-CRO,false,false,,,,,,,,,,,,,,,,,,,
SUCCESSOR,,,S0023,,,,,,,,,,,,P071,,,,,,,,,,,,,Needs Development,Talent Pool,Market Candidate,High,4,,R-CRO,false,false,,,,,,,,,,,,,,,,,,,
SUCCESSOR,,,S0024,,,,,,,,,,,,P078,,,,,,,,,,,,,Interim Ready,Internal,Emergency Successor,Low,1,Strong cross-functional sponsor,R-CTO,false,false,,,,,,,,,,,,,,,,,,,
SUCCESSOR,,,S0025,,,,,,,,,,,,P053,,,,,,,,,,,,,1-2 Years,External,Market Candidate,Medium,2,Stretch candidate,R-CTO,false,false,,,,,,,,,,,,,,,,,,,
SUCCESSOR,,,S0026,,,,,,,,,,,,P133,,,,,,,,,,,,,Needs Development,External,Emergency Successor,Medium,3,,R-CTO,false,false,,,,,,,,,,,,,,,,,,,
SUCCESSOR,,,S0027,,,,,,,,,,,,P131,,,,,,,,,,,,,1-2 Years,External,Emergency Successor,Low,4,High potential bench,R-CTO,false,false,,,,,,,,,,,,,,,,,,,
SUCCESSOR,,,S0028,,,,,,,,,,,,P049,,,,,,,,,,,,,3-5 Years,External,Successor,High,5,,R-CTO,false,false,,,,,,,,,,,,,,,,,,,
SUCCESSOR,,,S0029,,,,,,,,,,,,P034,,,,,,,,,,,,,Ready Now,Talent Pool,Market Candidate,High,1,Stretch candidate,R-CMO,false,false,,,,,,,,,,,,,,,,,,,
SUCCESSOR,,,S0030,,,,,,,,,,,,P100,,,,,,,,,,,,,1-2 Years,Internal,Athlete,Low,2,,R-CMO,false,true,,,,,,,,,,,,,,,,,,,
SUCCESSOR,,,S0031,,,,,,,,,,,,P146,,,,,,,,,,,,,1-2 Years,Talent Pool,Emergency Successor,Low,3,,R-CMO,false,true,,,,,,,,,,,,,,,,,,,
SUCCESSOR,,,S0032,,,,,,,,,,,,P108,,,,,,,,,,,,,Ready Now,Talent Pool,Market Candidate,High,4,Stretch candidate,R-CMO,false,true,,,,,,,,,,,,,,,,,,,
SUCCESSOR,,,S0033,,,,,,,,,,,,P102,,,,,,,,,,,,,Ready Now,Talent Pool,Successor,Medium,1,High potential bench,R-COMM-EVP-1,false,false,,,,,,,,,,,,,,,,,,,
SUCCESSOR,,,S0034,,,,,,,,,,,,P130,,,,,,,,,,,,,Interim Ready,Talent Pool,Emergency Successor,High,2,Needs mobility discussion,R-COMM-EVP-1,false,false,,,,,,,,,,,,,,,,,,,
SUCCESSOR,,,S0035,,,,,,,,,,,,P074,,,,,,,,,,,,,Ready Now,External,Emergency Successor,Medium,3,,R-COMM-EVP-1,false,false,,,,,,,,,,,,,,,,,,,
SUCCESSOR,,,S0036,,,,,,,,,,,,P040,,,,,,,,,,,,,3-5 Years,External,Athlete,Low,1,Stretch candidate,R-COMM-EVP-2,false,false,,,,,,,,,,,,,,,,,,,
SUCCESSOR,,,S0037,,,,,,,,,,,,P072,,,,,,,,,,,,,3-5 Years,Internal,Athlete,Medium,2,Stretch candidate,R-COMM-EVP-2,false,false,,,,,,,,,,,,,,,,,,,
SUCCESSOR,,,S0038,,,,,,,,,,,,P022,,,,,,,,,,,,,Needs Development,External,Successor,High,3,Needs mobility discussion,R-COMM-EVP-2,false,false,,,,,,,,,,,,,,,,,,,
SUCCESSOR,,,S0039,,,,,,,,,,,,P080,,,,,,,,,,,,,Interim Ready,External,Successor,Low,4,,R-COMM-EVP-2,false,false,,,,,,,,,,,,,,,,,,,
SUCCESSOR,,,S0040,,,,,,,,,,,,P021,,,,,,,,,,,,,Ready Now,Internal,Athlete,Medium,5,Needs mobility discussion,R-COMM-EVP-2,false,false,,,,,,,,,,,,,,,,,,,
SUCCESSOR,,,S0041,,,,,,,,,,,,P015,,,,,,,,,,,,,1-2 Years,External,Emergency Successor,High,1,,R-COMM-SVP-1,false,false,,,,,,,,,,,,,,,,,,,
SUCCESSOR,,,S0042,,,,,,,,,,,,P063,,,,,,,,,,,,,Interim Ready,Talent Pool,Emergency Successor,Low,2,High potential bench,R-COMM-SVP-1,false,true,,,,,,,,,,,,,,,,,,,
SUCCESSOR,,,S0043,,,,,,,,,,,,P023,,,,,,,,,,,,,Ready Now,External,Athlete,Medium,3,Stretch candidate,R-COMM-SVP-1,false,false,,,,,,,,,,,,,,,,,,,
SUCCESSOR,,,S0044,,,,,,,,,,,,P036,,,,,,,,,,,,,Needs Development,External,Athlete,Medium,1,Strong cross-functional sponsor,R-COMM-SVP-2,false,false,,,,,,,,,,,,,,,,,,,
SUCCESSOR,,,S0045,,,,,,,,,,,,P003,,,,,,,,,,,,,Needs Development,Talent Pool,Successor,Medium,2,Stretch candidate,R-COMM-SVP-2,false,false,,,,,,,,,,,,,,,,,,,
SUCCESSOR,,,S0046,,,,,,,,,,,,P042,,,,,,,,,,,,,Needs Development,Internal,Emergency Successor,Medium,3,Strong cross-functional sponsor,R-COMM-SVP-2,false,false,,,,,,,,,,,,,,,,,,,
SUCCESSOR,,,S0047,,,,,,,,,,,,P128,,,,,,,,,,,,,3-5 Years,External,Emergency Successor,High,4,,R-COMM-SVP-2,false,false,,,,,,,,,,,,,,,,,,,
SUCCESSOR,,,S0048,,,,,,,,,,,,P089,,,,,,,,,,,,,1-2 Years,Talent Pool,Market Candidate,High,5,,R-COMM-SVP-2,false,false,,,,,,,,,,,,,,,,,,,
SUCCESSOR,,,S0049,,,,,,,,,,,,P070,,,,,,,,,,,,,1-2 Years,Talent Pool,Market Candidate,Low,1,High potential bench,R-COMM-VP-1,false,false,,,,,,,,,,,,,,,,,,,
SUCCESSOR,,,S0050,,,,,,,,,,,,P135,,,,,,,,,,,,,Ready Now,Talent Pool,Athlete,Low,2,Needs mobility discussion,R-COMM-VP-1,false,false,,,,,,,,,,,,,,,,,,,
SUCCESSOR,,,S0051,,,,,,,,,,,,P017,,,,,,,,,,,,,3-5 Years,Internal,Successor,Low,3,Strong cross-functional sponsor,R-COMM-VP-1,false,true,,,,,,,,,,,,,,,,,,,
SUCCESSOR,,,S0052,,,,,,,,,,,,P068,,,,,,,,,,,,,Interim Ready,Talent Pool,Successor,Low,4,High potential bench,R-COMM-VP-1,false,false,,,,,,,,,,,,,,,,,,,
SUCCESSOR,,,S0053,,,,,,,,,,,,P066,,,,,,,,,,,,,3-5 Years,External,Market Candidate,Low,1,,R-COMM-VP-2,false,false,,,,,,,,,,,,,,,,,,,
SUCCESSOR,,,S0054,,,,,,,,,,,,P027,,,,,,,,,,,,,Interim Ready,External,Market Candidate,Low,2,High potential bench,R-COMM-VP-2,false,true,,,,,,,,,,,,,,,,,,,
SUCCESSOR,,,S0055,,,,,,,,,,,,P147,,,,,,,,,,,,,1-2 Years,External,Athlete,Low,3,,R-COMM-VP-2,false,false,,,,,,,,,,,,,,,,,,,
SUCCESSOR,,,S0056,,,,,,,,,,,,P094,,,,,,,,,,,,,3-5 Years,Internal,Successor,Low,1,,R-COMM-VP-3,false,false,,,,,,,,,,,,,,,,,,,
SUCCESSOR,,,S0057,,,,,,,,,,,,P099,,,,,,,,,,,,,3-5 Years,External,Athlete,High,2,Needs mobility discussion,R-COMM-VP-3,false,false,,,,,,,,,,,,,,,,,,,
SUCCESSOR,,,S0058,,,,,,,,,,,,P039,,,,,,,,,,,,,Ready Now,Talent Pool,Successor,High,3,Stretch candidate,R-COMM-VP-3,false,false,,,,,,,,,,,,,,,,,,,
SUCCESSOR,,,S0059,,,,,,,,,,,,P046,,,,,,,,,,,,,Needs Development,External,Market Candidate,Medium,4,Strong cross-functional sponsor,R-COMM-VP-3,false,false,,,,,,,,,,,,,,,,,,,
SUCCESSOR,,,S0060,,,,,,,,,,,,P147,,,,,,,,,,,,,1-2 Years,External,Athlete,Low,1,,R-COMM-SRDIRECTOR-1,false,false,,,,,,,,,,,,,,,,,,,
SUCCESSOR,,,S0061,,,,,,,,,,,,P096,,,,,,,,,,,,,Interim Ready,Talent Pool,Athlete,Medium,2,High potential bench,R-COMM-SRDIRECTOR-1,false,false,,,,,,,,,,,,,,,,,,,
SUCCESSOR,,,S0062,,,,,,,,,,,,P031,,,,,,,,,,,,,1-2 Years,Internal,Successor,High,3,Needs mobility discussion,R-COMM-SRDIRECTOR-1,false,false,,,,,,,,,,,,,,,,,,,
SUCCESSOR,,,S0063,,,,,,,,,,,,P073,,,,,,,,,,,,,Ready Now,Internal,Market Candidate,Medium,1,,R-COMM-SRDIRECTOR-2,false,false,,,,,,,,,,,,,,,,,,,
SUCCESSOR,,,S0064,,,,,,,,,,,,P080,,,,,,,,,,,,,Interim Ready,External,Successor,Low,2,Strong cross-functional sponsor,R-COMM-SRDIRECTOR-2,false,false,,,,,,,,,,,,,,,,,,,
SUCCESSOR,,,S0065,,,,,,,,,,,,P084,,,,,,,,,,,,,Interim Ready,Talent Pool,Successor,Low,3,Strong cross-functional sponsor,R-COMM-SRDIRECTOR-2,false,false,,,,,,,,,,,,,,,,,,,
SUCCESSOR,,,S0066,,,,,,,,,,,,P023,,,,,,,,,,,,,Ready Now,External,Athlete,Medium,4,Stretch candidate,R-COMM-SRDIRECTOR-2,false,false,,,,,,,,,,,,,,,,,,,
SUCCESSOR,,,S0067,,,,,,,,,,,,P014,,,,,,,,,,,,,Needs Development,External,Emergency Successor,Low,1,,R-COMM-DIRECTOR-1,false,false,,,,,,,,,,,,,,,,,,,
SUCCESSOR,,,S0068,,,,,,,,,,,,P051,,,,,,,,,,,,,1-2 Years,External,Successor,High,2,Strong cross-functional sponsor,R-COMM-DIRECTOR-1,false,false,,,,,,,,,,,,,,,,,,,
SUCCESSOR,,,S0069,,,,,,,,,,,,P140,,,,,,,,,,,,,3-5 Years,External,Successor,Medium,3,,R-COMM-DIRECTOR-1,false,false,,,,,,,,,,,,,,,,,,,
SUCCESSOR,,,S0070,,,,,,,,,,,,P063,,,,,,,,,,,,,Interim Ready,Talent Pool,Emergency Successor,Low,4,,R-COMM-DIRECTOR-1,false,false,,,,,,,,,,,,,,,,,,,
SUCCESSOR,,,S0071,,,,,,,,,,,,P039,,,,,,,,,,,,,Ready Now,Talent Pool,Successor,High,5,Needs mobility discussion,R-COMM-DIRECTOR-1,false,false,,,,,,,,,,,,,,,,,,,
SUCCESSOR,,,S0072,,,,,,,,,,,,P079,,,,,,,,,,,,,Ready Now,External,Emergency Successor,High,1,,R-COMM-DIRECTOR-2,false,false,,,,,,,,,,,,,,,,,,,
SUCCESSOR,,,S0073,,,,,,,,,,,,P027,,,,,,,,,,,,,Interim Ready,External,Market Candidate,Low,2,Stretch candidate,R-COMM-DIRECTOR-2,false,false,,,,,,,,,,,,,,,,,,,
SUCCESSOR,,,S0074,,,,,,,,,,,,P053,,,,,,,,,,,,,1-2 Years,External,Market Candidate,Medium,3,,R-COMM-DIRECTOR-2,false,true,,,,,,,,,,,,,,,,,,,
SUCCESSOR,,,S0075,,,,,,,,,,,,P136,,,,,,,,,,,,,Needs Development,External,Athlete,Medium,4,Stretch candidate,R-COMM-DIRECTOR-2,false,false,,,,,,,,,,,,,,,,,,,
SUCCESSOR,,,S0076,,,,,,,,,,,,P061,,,,,,,,,,,,,1-2 Years,Talent Pool,Athlete,Low,5,High potential bench,R-COMM-DIRECTOR-2,false,false,,,,,,,,,,,,,,,,,,,
SUCCESSOR,,,S0077,,,,,,,,,,,,P118,,,,,,,,,,,,,Needs Development,External,Successor,High,1,Needs mobility discussion,R-COMM-SENIORMANAGER-1,false,false,,,,,,,,,,,,,,,,,,,
SUCCESSOR,,,S0078,,,,,,,,,,,,P022,,,,,,,,,,,,,Needs Development,External,Successor,High,2,High potential bench,R-COMM-SENIORMANAGER-1,false,false,,,,,,,,,,,,,,,,,,,
SUCCESSOR,,,S0079,,,,,,,,,,,,P149,,,,,,,,,,,,,Interim Ready,External,Market Candidate,High,3,Stretch candidate,R-COMM-SENIORMANAGER-1,false,false,,,,,,,,,,,,,,,,,,,
SUCCESSOR,,,S0080,,,,,,,,,,,,P025,,,,,,,,,,,,,Ready Now,External,Successor,Medium,4,Strong cross-functional sponsor,R-COMM-SENIORMANAGER-1,false,false,,,,,,,,,,,,,,,,,,,
SUCCESSOR,,,S0081,,,,,,,,,,,,P007,,,,,,,,,,,,,Needs Development,External,Athlete,High,1,Stretch candidate,R-PROD-EVP-1,false,false,,,,,,,,,,,,,,,,,,,
SUCCESSOR,,,S0082,,,,,,,,,,,,P082,,,,,,,,,,,,,3-5 Years,Internal,Successor,Low,2,High potential bench,R-PROD-EVP-1,false,false,,,,,,,,,,,,,,,,,,,
SUCCESSOR,,,S0083,,,,,,,,,,,,P116,,,,,,,,,,,,,3-5 Years,Talent Pool,Market Candidate,Low,3,,R-PROD-EVP-1,false,false,,,,,,,,,,,,,,,,,,,
SUCCESSOR,,,S0084,,,,,,,,,,,,P070,,,,,,,,,,,,,1-2 Years,Talent Pool,Market Candidate,Low,4,Needs mobility discussion,R-PROD-EVP-1,false,false,,,,,,,,,,,,,,,,,,,
SUCCESSOR,,,S0085,,,,,,,,,,,,P138,,,,,,,,,,,,,Ready Now,External,Athlete,Low,1,Needs mobility discussion,R-PROD-EVP-2,false,false,,,,,,,,,,,,,,,,,,,
SUCCESSOR,,,S0086,,,,,,,,,,,,P092,,,,,,,,,,,,,1-2 Years,External,Athlete,High,2,,R-PROD-EVP-2,false,false,,,,,,,,,,,,,,,,,,,
SUCCESSOR,,,S0087,,,,,,,,,,,,P054,,,,,,,,,,,,,3-5 Years,Talent Pool,Market Candidate,High,3,Strong cross-functional sponsor,R-PROD-EVP-2,false,false,,,,,,,,,,,,,,,,,,,
SUCCESSOR,,,S0088,,,,,,,,,,,,P011,,,,,,,,,,,,,Interim Ready,Talent Pool,Emergency Successor,High,1,Strong cross-functional sponsor,R-PROD-SVP-1,false,false,,,,,,,,,,,,,,,,,,,
SUCCESSOR,,,S0089,,,,,,,,,,,,P056,,,,,,,,,,,,,Needs Development,Talent Pool,Successor,Medium,2,,R-PROD-SVP-1,false,false,,,,,,,,,,,,,,,,,,,
SUCCESSOR,,,S0090,,,,,,,,,,,,P084,,,,,,,,,,,,,Interim Ready,Talent Pool,Successor,Low,3,Strong cross-functional sponsor,R-PROD-SVP-1,false,false,,,,,,,,,,,,,,,,,,,
SUCCESSOR,,,S0091,,,,,,,,,,,,P038,,,,,,,,,,,,,1-2 Years,External,Market Candidate,Medium,4,Stretch candidate,R-PROD-SVP-1,false,true,,,,,,,,,,,,,,,,,,,
SUCCESSOR,,,S0092,,,,,,,,,,,,P024,,,,,,,,,,,,,Needs Development,Talent Pool,Athlete,High,5,Needs mobility discussion,R-PROD-SVP-1,false,false,,,,,,,,,,,,,,,,,,,
SUCCESSOR,,,S0093,,,,,,,,,,,,P141,,,,,,,,,,,,,3-5 Years,External,Athlete,High,1,Stretch candidate,R-PROD-SVP-2,false,false,,,,,,,,,,,,,,,,,,,
SUCCESSOR,,,S0094,,,,,,,,,,,,P064,,,,,,,,,,,,,Ready Now,External,Successor,Low,2,,R-PROD-SVP-2,false,false,,,,,,,,,,,,,,,,,,,
SUCCESSOR,,,S0095,,,,,,,,,,,,P025,,,,,,,,,,,,,Ready Now,External,Successor,Medium,3,Stretch candidate,R-PROD-SVP-2,false,false,,,,,,,,,,,,,,,,,,,
SUCCESSOR,,,S0096,,,,,,,,,,,,P119,,,,,,,,,,,,,Interim Ready,Internal,Market Candidate,High,4,Needs mobility discussion,R-PROD-SVP-2,false,false,,,,,,,,,,,,,,,,,,,
SUCCESSOR,,,S0097,,,,,,,,,,,,P027,,,,,,,,,,,,,Interim Ready,External,Market Candidate,Low,5,,R-PROD-SVP-2,false,false,,,,,,,,,,,,,,,,,,,
SUCCESSOR,,,S0098,,,,,,,,,,,,P020,,,,,,,,,,,,,3-5 Years,Internal,Athlete,Medium,1,Needs mobility discussion,R-PROD-VP-1,false,false,,,,,,,,,,,,,,,,,,,
SUCCESSOR,,,S0099,,,,,,,,,,,,P006,,,,,,,,,,,,,Interim Ready,Talent Pool,Market Candidate,High,2,,R-PROD-VP-1,false,false,,,,,,,,,,,,,,,,,,,
SUCCESSOR,,,S0100,,,,,,,,,,,,P017,,,,,,,,,,,,,3-5 Years,Internal,Successor,Low,3,Strong cross-functional sponsor,R-PROD-VP-1,false,false,,,,,,,,,,,,,,,,,,,
SUCCESSOR,,,S0101,,,,,,,,,,,,P051,,,,,,,,,,,,,1-2 Years,External,Successor,High,4,Needs mobility discussion,R-PROD-VP-1,false,true,,,,,,,,,,,,,,,,,,,
SUCCESSOR,,,S0102,,,,,,,,,,,,P111,,,,,,,,,,,,,Needs Development,Internal,Emergency Successor,Low,1,Stretch candidate,R-PROD-VP-2,false,false,,,,,,,,,,,,,,,,,,,
SUCCESSOR,,,S0103,,,,,,,,,,,,P102,,,,,,,,,,,,,Ready Now,Talent Pool,Successor,Medium,2,Stretch candidate,R-PROD-VP-2,false,false,,,,,,,,,,,,,,,,,,,
SUCCESSOR,,,S0104,,,,,,,,,,,,P128,,,,,,,,,,,,,3-5 Years,External,Emergency Successor,High,3,Needs mobility discussion,R-PROD-VP-2,false,false,,,,,,,,,,,,,,,,,,,
SUCCESSOR,,,S0105,,,,,,,,,,,,P008,,,,,,,,,,,,,Interim Ready,External,Market Candidate,Low,4,,R-PROD-VP-2,false,false,,,,,,,,,,,,,,,,,,,
SUCCESSOR,,,S0106,,,,,,,,,,,,P098,,,,,,,,,,,,,Ready Now,External,Emergency Successor,Low,5,High potential bench,R-PROD-VP-2,false,false,,,,,,,,,,,,,,,,,,,
SUCCESSOR,,,S0107,,,,,,,,,,,,P009,,,,,,,,,,,,,3-5 Years,Talent Pool,Athlete,Low,1,Needs mobility discussion,R-PROD-VP-3,false,false,,,,,,,,,,,,,,,,,,,
SUCCESSOR,,,S0108,,,,,,,,,,,,P106,,,,,,,,,,,,,Interim Ready,Talent Pool,Athlete,Low,2,Stretch candidate,R-PROD-VP-3,false,false,,,,,,,,,,,,,,,,,,,
SUCCESSOR,,,S0109,,,,,,,,,,,,P141,,,,,,,,,,,,,3-5 Years,External,Athlete,High,3,High potential bench,R-PROD-VP-3,false,false,,,,,,,,,,,,,,,,,,,
SUCCESSOR,,,S0110,,,,,,,,,,,,P123,,,,,,,,,,,,,1-2 Years,External,Successor,Medium,4,High potential bench,R-PROD-VP-3,false,false,,,,,,,,,,,,,,,,,,,
SUCCESSOR,,,S0111,,,,,,,,,,,,P019,,,,,,,,,,,,,3-5 Years,External,Athlete,Low,1,High potential bench,R-PROD-SRDIRECTOR-1,false,false,,,,,,,,,,,,,,,,,,,
SUCCESSOR,,,S0112,,,,,,,,,,,,P123,,,,,,,,,,,,,1-2 Years,External,Successor,Medium,2,Strong cross-functional sponsor,R-PROD-SRDIRECTOR-1,false,false,,,,,,,,,,,,,,,,,,,
SUCCESSOR,,,S0113,,,,,,,,,,,,P140,,,,,,,,,,,,,3-5 Years,External,Successor,Medium,3,Strong cross-functional sponsor,R-PROD-SRDIRECTOR-1,false,false,,,,,,,,,,,,,,,,,,,
SUCCESSOR,,,S0114,,,,,,,,,,,,P125,,,,,,,,,,,,,1-2 Years,Talent Pool,Market Candidate,High,4,,R-PROD-SRDIRECTOR-1,false,false,,,,,,,,,,,,,,,,,,,
SUCCESSOR,,,S0115,,,,,,,,,,,,P015,,,,,,,,,,,,,1-2 Years,External,Emergency Successor,High,1,Stretch candidate,R-PROD-SRDIRECTOR-2,false,false,,,,,,,,,,,,,,,,,,,
SUCCESSOR,,,S0116,,,,,,,,,,,,P121,,,,,,,,,,,,,Interim Ready,External,Athlete,Low,2,,R-PROD-SRDIRECTOR-2,false,false,,,,,,,,,,,,,,,,,,,
SUCCESSOR,,,S0117,,,,,,,,,,,,P136,,,,,,,,,,,,,Needs Development,External,Athlete,Medium,3,Stretch candidate,R-PROD-SRDIRECTOR-2,false,false,,,,,,,,,,,,,,,,,,,
SUCCESSOR,,,S0118,,,,,,,,,,,,P092,,,,,,,,,,,,,1-2 Years,External,Athlete,High,4,,R-PROD-SRDIRECTOR-2,false,false,,,,,,,,,,,,,,,,,,,
SUCCESSOR,,,S0119,,,,,,,,,,,,P148,,,,,,,,,,,,,Interim Ready,Talent Pool,Successor,High,1,Stretch candidate,R-PROD-DIRECTOR-1,false,false,,,,,,,,,,,,,,,,,,,
SUCCESSOR,,,S0120,,,,,,,,,,,,P100,,,,,,,,,,,,,1-2 Years,Internal,Athlete,Low,2,High potential bench,R-PROD-DIRECTOR-1,false,false,,,,,,,,,,,,,,,,,,,
SUCCESSOR,,,S0121,,,,,,,,,,,,P091,,,,,,,,,,,,,3-5 Years,Talent Pool,Market Candidate,High,3,Strong cross-functional sponsor,R-PROD-DIRECTOR-1,false,false,,,,,,,,,,,,,,,,,,,
SUCCESSOR,,,S0122,,,,,,,,,,,,P007,,,,,,,,,,,,,Needs Development,External,Athlete,High,1,Needs mobility discussion,R-PROD-DIRECTOR-2,false,false,,,,,,,,,,,,,,,,,,,
SUCCESSOR,,,S0123,,,,,,,,,,,,P146,,,,,,,,,,,,,1-2 Years,Talent Pool,Emergency Successor,Low,2,Stretch candidate,R-PROD-DIRECTOR-2,false,false,,,,,,,,,,,,,,,,,,,
SUCCESSOR,,,S0124,,,,,,,,,,,,P145,,,,,,,,,,,,,Ready Now,External,Emergency Successor,High,3,,R-PROD-DIRECTOR-2,false,true,,,,,,,,,,,,,,,,,,,
SUCCESSOR,,,S0125,,,,,,,,,,,,P020,,,,,,,,,,,,,3-5 Years,Internal,Athlete,Medium,1,Stretch candidate,R-PROD-SENIORMANAGER-1,false,false,,,,,,,,,,,,,,,,,,,
SUCCESSOR,,,S0126,,,,,,,,,,,,P006,,,,,,,,,,,,,Interim Ready,Talent Pool,Market Candidate,High,2,Strong cross-functional sponsor,R-PROD-SENIORMANAGER-1,false,false,,,,,,,,,,,,,,,,,,,
SUCCESSOR,,,S0127,,,,,,,,,,,,P135,,,,,,,,,,,,,Ready Now,Talent Pool,Athlete,Low,3,Strong cross-functional sponsor,R-PROD-SENIORMANAGER-1,false,true,,,,,,,,,,,,,,,,,,,
SUCCESSOR,,,S0128,,,,,,,,,,,,P123,,,,,,,,,,,,,1-2 Years,External,Successor,Medium,4,Stretch candidate,R-PROD-SENIORMANAGER-1,false,false,,,,,,,,,,,,,,,,,,,
SUCCESSOR,,,S0129,,,,,,,,,,,,P001,,,,,,,,,,,,,Ready Now,Internal,Athlete,High,5,Stretch candidate,R-PROD-SENIORMANAGER-1,false,false,,,,,,,,,,,,,,,,,,,
SUCCESSOR,,,S0130,,,,,,,,,,,,P011,,,,,,,,,,,,,Interim Ready,Talent Pool,Emergency Successor,High,1,Stretch candidate,R-OPER-EVP-1,false,false,,,,,,,,,,,,,,,,,,,
SUCCESSOR,,,S0131,,,,,,,,,,,,P019,,,,,,,,,,,,,3-5 Years,External,Athlete,Low,2,Needs mobility discussion,R-OPER-EVP-1,false,false,,,,,,,,,,,,,,,,,,,
SUCCESSOR,,,S0132,,,,,,,,,,,,P096,,,,,,,,,,,,,Interim Ready,Talent Pool,Athlete,Medium,3,Needs mobility discussion,R-OPER-EVP-1,false,false,,,,,,,,,,,,,,,,,,,
SUCCESSOR,,,S0133,,,,,,,,,,,,P102,,,,,,,,,,,,,Ready Now,Talent Pool,Successor,Medium,4,Stretch candidate,R-OPER-EVP-1,false,false,,,,,,,,,,,,,,,,,,,
SUCCESSOR,,,S0134,,,,,,,,,,,,P026,,,,,,,,,,,,,3-5 Years,Internal,Market Candidate,Medium,5,High potential bench,R-OPER-EVP-1,false,false,,,,,,,,,,,,,,,,,,,
SUCCESSOR,,,S0135,,,,,,,,,,,,P092,,,,,,,,,,,,,1-2 Years,External,Athlete,High,1,Strong cross-functional sponsor,R-OPER-EVP-2,false,false,,,,,,,,,,,,,,,,,,,
SUCCESSOR,,,S0136,,,,,,,,,,,,P058,,,,,,,,,,,,,Interim Ready,Internal,Athlete,Medium,2,,R-OPER-EVP-2,false,false,,,,,,,,,,,,,,,,,,,
SUCCESSOR,,,S0137,,,,,,,,,,,,P045,,,,,,,,,,,,,Ready Now,Internal,Market Candidate,High,3,High potential bench,R-OPER-EVP-2,false,false,,,,,,,,,,,,,,,,,,,
SUCCESSOR,,,S0138,,,,,,,,,,,,P097,,,,,,,,,,,,,Needs Development,External,Market Candidate,Low,4,High potential bench,R-OPER-EVP-2,false,true,,,,,,,,,,,,,,,,,,,
SUCCESSOR,,,S0139,,,,,,,,,,,,P079,,,,,,,,,,,,,Ready Now,External,Emergency Successor,High,5,High potential bench,R-OPER-EVP-2,false,false,,,,,,,,,,,,,,,,,,,
SUCCESSOR,,,S0140,,,,,,,,,,,,P003,,,,,,,,,,,,,Needs Development,Talent Pool,Successor,Medium,1,Stretch candidate,R-OPER-SVP-1,false,false,,,,,,,,,,,,,,,,,,,
SUCCESSOR,,,S0141,,,,,,,,,,,,P145,,,,,,,,,,,,,Ready Now,External,Emergency Successor,High,2,Strong cross-functional sponsor,R-OPER-SVP-1,false,false,,,,,,,,,,,,,,,,,,,
SUCCESSOR,,,S0142,,,,,,,,,,,,P027,,,,,,,,,,,,,Interim Ready,External,Market Candidate,Low,3,,R-OPER-SVP-1,false,false,,,,,,,,,,,,,,,,,,,
SUCCESSOR,,,S0143,,,,,,,,,,,,P128,,,,,,,,,,,,,3-5 Years,External,Emergency Successor,High,4,Strong cross-functional sponsor,R-OPER-SVP-1,false,false,,,,,,,,,,,,,,,,,,,
SUCCESSOR,,,S0144,,,,,,,,,,,,P037,,,,,,,,,,,,,Interim Ready,Talent Pool,Successor,Medium,5,Strong cross-functional sponsor,R-OPER-SVP-1,false,false,,,,,,,,,,,,,,,,,,,
SUCCESSOR,,,S0145,,,,,,,,,,,,P015,,,,,,,,,,,,,1-2 Years,External,Emergency Successor,High,1,Needs mobility discussion,R-OPER-SVP-2,false,false,,,,,,,,,,,,,,,,,,,
SUCCESSOR,,,S0146,,,,,,,,,,,,P090,,,,,,,,,,,,,Ready Now,External,Successor,Medium,2,Needs mobility discussion,R-OPER-SVP-2,false,false,,,,,,,,,,,,,,,,,,,
SUCCESSOR,,,S0147,,,,,,,,,,,,P066,,,,,,,,,,,,,3-5 Years,External,Market Candidate,Low,3,Needs mobility discussion,R-OPER-SVP-2,false,false,,,,,,,,,,,,,,,,,,,
SUCCESSOR,,,S0148,,,,,,,,,,,,P028,,,,,,,,,,,,,Interim Ready,Talent Pool,Athlete,Medium,4,Needs mobility discussion,R-OPER-SVP-2,false,false,,,,,,,,,,,,,,,,,,,
SUCCESSOR,,,S0149,,,,,,,,,,,,P001,,,,,,,,,,,,,Ready Now,Internal,Athlete,High,5,Needs mobility discussion,R-OPER-SVP-2,false,false,,,,,,,,,,,,,,,,,,,
SUCCESSOR,,,S0150,,,,,,,,,,,,P011,,,,,,,,,,,,,Interim Ready,Talent Pool,Emergency Successor,High,1,Strong cross-functional sponsor,R-OPER-VP-1,false,false,,,,,,,,,,,,,,,,,,,
SUCCESSOR,,,S0151,,,,,,,,,,,,P042,,,,,,,,,,,,,Needs Development,Internal,Emergency Successor,Medium,2,,R-OPER-VP-1,false,false,,,,,,,,,,,,,,,,,,,
SUCCESSOR,,,S0152,,,,,,,,,,,,P116,,,,,,,,,,,,,3-5 Years,Talent Pool,Market Candidate,Low,3,Needs mobility discussion,R-OPER-VP-1,false,false,,,,,,,,,,,,,,,,,,,
SUCCESSOR,,,S0153,,,,,,,,,,,,P019,,,,,,,,,,,,,3-5 Years,External,Athlete,Low,4,,R-OPER-VP-1,false,false,,,,,,,,,,,,,,,,,,,
SUCCESSOR,,,S0154,,,,,,,,,,,,P009,,,,,,,,,,,,,3-5 Years,Talent Pool,Athlete,Low,5,,R-OPER-VP-1,false,false,,,,,,,,,,,,,,,,,,,
SUCCESSOR,,,S0155,,,,,,,,,,,,P004,,,,,,,,,,,,,1-2 Years,Internal,Emergency Successor,Medium,1,Strong cross-functional sponsor,R-OPER-VP-2,false,false,,,,,,,,,,,,,,,,,,,
SUCCESSOR,,,S0156,,,,,,,,,,,,P008,,,,,,,,,,,,,Interim Ready,External,Market Candidate,Low,2,Stretch candidate,R-OPER-VP-2,false,false,,,,,,,,,,,,,,,,,,,
SUCCESSOR,,,S0157,,,,,,,,,,,,P111,,,,,,,,,,,,,Needs Development,Internal,Emergency Successor,Low,3,High potential bench,R-OPER-VP-2,false,false,,,,,,,,,,,,,,,,,,,
SUCCESSOR,,,S0158,,,,,,,,,,,,P043,,,,,,,,,,,,,1-2 Years,Internal,Market Candidate,Medium,4,High potential bench,R-OPER-VP-2,false,false,,,,,,,,,,,,,,,,,,,
SUCCESSOR,,,S0159,,,,,,,,,,,,P112,,,,,,,,,,,,,Needs Development,External,Emergency Successor,High,5,Strong cross-functional sponsor,R-OPER-VP-2,false,false,,,,,,,,,,,,,,,,,,,
SUCCESSOR,,,S0160,,,,,,,,,,,,P013,,,,,,,,,,,,,Interim Ready,Internal,Market Candidate,Low,1,Needs mobility discussion,R-OPER-VP-3,false,false,,,,,,,,,,,,,,,,,,,
SUCCESSOR,,,S0161,,,,,,,,,,,,P101,,,,,,,,,,,,,1-2 Years,External,Emergency Successor,Medium,2,Strong cross-functional sponsor,R-OPER-VP-3,false,true,,,,,,,,,,,,,,,,,,,
SUCCESSOR,,,S0162,,,,,,,,,,,,P147,,,,,,,,,,,,,1-2 Years,External,Athlete,Low,3,,R-OPER-VP-3,false,false,,,,,,,,,,,,,,,,,,,
SUCCESSOR,,,S0163,,,,,,,,,,,,P010,,,,,,,,,,,,,Ready Now,External,Market Candidate,High,1,,R-OPER-SRDIRECTOR-1,false,false,,,,,,,,,,,,,,,,,,,
SUCCESSOR,,,S0164,,,,,,,,,,,,P052,,,,,,,,,,,,,3-5 Years,Talent Pool,Emergency Successor,High,2,,R-OPER-SRDIRECTOR-1,false,false,,,,,,,,,,,,,,,,,,,
SUCCESSOR,,,S0165,,,,,,,,,,,,P025,,,,,,,,,,,,,Ready Now,External,Successor,Medium,3,Needs mobility discussion,R-OPER-SRDIRECTOR-1,false,false,,,,,,,,,,,,,,,,,,,
SUCCESSOR,,,S0166,,,,,,,,,,,,P007,,,,,,,,,,,,,Needs Development,External,Athlete,High,4,Strong cross-functional sponsor,R-OPER-SRDIRECTOR-1,false,false,,,,,,,,,,,,,,,,,,,
SUCCESSOR,,,S0167,,,,,,,,,,,,P053,,,,,,,,,,,,,1-2 Years,External,Market Candidate,Medium,5,High potential bench,R-OPER-SRDIRECTOR-1,false,false,,,,,,,,,,,,,,,,,,,
SUCCESSOR,,,S0168,,,,,,,,,,,,P015,,,,,,,,,,,,,1-2 Years,External,Emergency Successor,High,1,Needs mobility discussion,R-OPER-SRDIRECTOR-2,false,false,,,,,,,,,,,,,,,,,,,
SUCCESSOR,,,S0169,,,,,,,,,,,,P095,,,,,,,,,,,,,Needs Development,Talent Pool,Athlete,High,2,Strong cross-functional sponsor,R-OPER-SRDIRECTOR-2,false,false,,,,,,,,,,,,,,,,,,,
SUCCESSOR,,,S0170,,,,,,,,,,,,P048,,,,,,,,,,,,,Ready Now,Talent Pool,Market Candidate,Low,3,Stretch candidate,R-OPER-SRDIRECTOR-2,false,false,,,,,,,,,,,,,,,,,,,
SUCCESSOR,,,S0171,,,,,,,,,,,,P115,,,,,,,,,,,,,3-5 Years,Talent Pool,Emergency Successor,High,4,,R-OPER-SRDIRECTOR-2,false,false,,,,,,,,,,,,,,,,,,,
SUCCESSOR,,,S0172,,,,,,,,,,,,P013,,,,,,,,,,,,,Interim Ready,Internal,Market Candidate,Low,1,High potential bench,R-OPER-DIRECTOR-1,false,false,,,,,,,,,,,,,,,,,,,
SUCCESSOR,,,S0173,,,,,,,,,,,,P106,,,,,,,,,,,,,Interim Ready,Talent Pool,Athlete,Low,2,High potential bench,R-OPER-DIRECTOR-1,false,false,,,,,,,,,,,,,,,,,,,
SUCCESSOR,,,S0174,,,,,,,,,,,,P059,,,,,,,,,,,,,3-5 Years,Talent Pool,Market Candidate,Medium,3,Needs mobility discussion,R-OPER-DIRECTOR-1,false,false,,,,,,,,,,,,,,,,,,,
SUCCESSOR,,,S0175,,,,,,,,,,,,P142,,,,,,,,,,,,,Interim Ready,Internal,Emergency Successor,Low,4,Stretch candidate,R-OPER-DIRECTOR-1,false,false,,,,,,,,,,,,,,,,,,,
SUCCESSOR,,,S0176,,,,,,,,,,,,P102,,,,,,,,,,,,,Ready Now,Talent Pool,Successor,Medium,1,High potential bench,R-OPER-DIRECTOR-2,false,false,,,,,,,,,,,,,,,,,,,
SUCCESSOR,,,S0177,,,,,,,,,,,,P009,,,,,,,,,,,,,3-5 Years,Talent Pool,Athlete,Low,2,High potential bench,R-OPER-DIRECTOR-2,false,false,,,,,,,,,,,,,,,,,,,
SUCCESSOR,,,S0178,,,,,,,,,,,,P129,,,,,,,,,,,,,Ready Now,External,Market Candidate,Low,3,Needs mobility discussion,R-OPER-DIRECTOR-2,false,false,,,,,,,,,,,,,,,,,,,
SUCCESSOR,,,S0179,,,,,,,,,,,,P003,,,,,,,,,,,,,Needs Development,Talent Pool,Successor,Medium,1,Needs mobility discussion,R-OPER-SENIORMANAGER-1,false,false,,,,,,,,,,,,,,,,,,,
SUCCESSOR,,,S0180,,,,,,,,,,,,P050,,,,,,,,,,,,,Interim Ready,Talent Pool,Athlete,Low,2,Stretch candidate,R-OPER-SENIORMANAGER-1,false,false,,,,,,,,,,,,,,,,,,,
SUCCESSOR,,,S0181,,,,,,,,,,,,P033,,,,,,,,,,,,,Interim Ready,Talent Pool,Emergency Successor,Low,3,Strong cross-functional sponsor,R-OPER-SENIORMANAGER-1,false,false,,,,,,,,,,,,,,,,,,,
SUCCESSOR,,,S0182,,,,,,,,,,,,P018,,,,,,,,,,,,,Interim Ready,Internal,Athlete,Medium,1,Strong cross-functional sponsor,R-PEOP-EVP-1,false,false,,,,,,,,,,,,,,,,,,,
SUCCESSOR,,,S0183,,,,,,,,,,,,P023,,,,,,,,,,,,,Ready Now,External,Athlete,Medium,2,,R-PEOP-EVP-1,false,false,,,,,,,,,,,,,,,,,,,
SUCCESSOR,,,S0184,,,,,,,,,,,,P100,,,,,,,,,,,,,1-2 Years,Internal,Athlete,Low,3,High potential bench,R-PEOP-EVP-1,false,false,,,,,,,,,,,,,,,,,,,
SUCCESSOR,,,S0185,,,,,,,,,,,,P143,,,,,,,,,,,,,1-2 Years,Talent Pool,Emergency Successor,High,4,Needs mobility discussion,R-PEOP-EVP-1,false,false,,,,,,,,,,,,,,,,,,,
SUCCESSOR,,,S0186,,,,,,,,,,,,P102,,,,,,,,,,,,,Ready Now,Talent Pool,Successor,Medium,5,Stretch candidate,R-PEOP-EVP-1,false,false,,,,,,,,,,,,,,,,,,,
SUCCESSOR,,,S0187,,,,,,,,,,,,P150,,,,,,,,,,,,,3-5 Years,Talent Pool,Emergency Successor,Low,1,Strong cross-functional sponsor,R-PEOP-EVP-2,false,false,,,,,,,,,,,,,,,,,,,
SUCCESSOR,,,S0188,,,,,,,,,,,,P026,,,,,,,,,,,,,3-5 Years,Internal,Market Candidate,Medium,2,Strong cross-functional sponsor,R-PEOP-EVP-2,false,false,,,,,,,,,,,,,,,,,,,
SUCCESSOR,,,S0189,,,,,,,,,,,,P028,,,,,,,,,,,,,Interim Ready,Talent Pool,Athlete,Medium,3,Needs mobility discussion,R-PEOP-EVP-2,false,false,,,,,,,,,,,,,,,,,,,
SUCCESSOR,,,S0190,,,,,,,,,,,,P145,,,,,,,,,,,,,Ready Now,External,Emergency Successor,High,4,Needs mobility discussion,R-PEOP-EVP-2,false,true,,,,,,,,,,,,,,,,,,,
SUCCESSOR,,,S0191,,,,,,,,,,,,P074,,,,,,,,,,,,,Ready Now,External,Emergency Successor,Medium,5,Strong cross-functional sponsor,R-PEOP-EVP-2,false,false,,,,,,,,,,,,,,,,,,,
SUCCESSOR,,,S0192,,,,,,,,,,,,P016,,,,,,,,,,,,,Needs Development,Internal,Emergency Successor,High,1,Strong cross-functional sponsor,R-PEOP-SVP-1,false,false,,,,,,,,,,,,,,,,,,,
SUCCESSOR,,,S0193,,,,,,,,,,,,P010,,,,,,,,,,,,,Ready Now,External,Market Candidate,High,2,,R-PEOP-SVP-1,false,false,,,,,,,,,,,,,,,,,,,
SUCCESSOR,,,S0194,,,,,,,,,,,,P102,,,,,,,,,,,,,Ready Now,Talent Pool,Successor,Medium,3,Strong cross-functional sponsor,R-PEOP-SVP-1,false,false,,,,,,,,,,,,,,,,,,,
SUCCESSOR,,,S0195,,,,,,,,,,,,P085,,,,,,,,,,,,,Needs Development,Internal,Athlete,Low,4,Needs mobility discussion,R-PEOP-SVP-1,false,false,,,,,,,,,,,,,,,,,,,
SUCCESSOR,,,S0196,,,,,,,,,,,,P061,,,,,,,,,,,,,1-2 Years,Talent Pool,Athlete,Low,5,,R-PEOP-SVP-1,false,false,,,,,,,,,,,,,,,,,,,
SUCCESSOR,,,S0197,,,,,,,,,,,,P035,,,,,,,,,,,,,Needs Development,External,Market Candidate,Low,1,Strong cross-functional sponsor,R-PEOP-SVP-2,false,false,,,,,,,,,,,,,,,,,,,
SUCCESSOR,,,S0198,,,,,,,,,,,,P077,,,,,,,,,,,,,3-5 Years,Internal,Market Candidate,High,2,Needs mobility discussion,R-PEOP-SVP-2,false,false,,,,,,,,,,,,,,,,,,,
SUCCESSOR,,,S0199,,,,,,,,,,,,P114,,,,,,,,,,,,,Needs Development,Internal,Athlete,Low,3,,R-PEOP-SVP-2,false,false,,,,,,,,,,,,,,,,,,,
SUCCESSOR,,,S0200,,,,,,,,,,,,P105,,,,,,,,,,,,,Interim Ready,Talent Pool,Emergency Successor,High,1,,R-PEOP-VP-1,false,false,,,,,,,,,,,,,,,,,,,
SUCCESSOR,,,S0201,,,,,,,,,,,,P125,,,,,,,,,,,,,1-2 Years,Talent Pool,Market Candidate,High,2,Stretch candidate,R-PEOP-VP-1,false,false,,,,,,,,,,,,,,,,,,,
SUCCESSOR,,,S0202,,,,,,,,,,,,P133,,,,,,,,,,,,,Needs Development,External,Emergency Successor,Medium,3,High potential bench,R-PEOP-VP-1,false,false,,,,,,,,,,,,,,,,,,,
SUCCESSOR,,,S0203,,,,,,,,,,,,P146,,,,,,,,,,,,,1-2 Years,Talent Pool,Emergency Successor,Low,1,Stretch candidate,R-PEOP-VP-2,false,true,,,,,,,,,,,,,,,,,,,
SUCCESSOR,,,S0204,,,,,,,,,,,,P008,,,,,,,,,,,,,Interim Ready,External,Market Candidate,Low,2,,R-PEOP-VP-2,false,false,,,,,,,,,,,,,,,,,,,
SUCCESSOR,,,S0205,,,,,,,,,,,,P045,,,,,,,,,,,,,Ready Now,Internal,Market Candidate,High,3,Stretch candidate,R-PEOP-VP-2,false,false,,,,,,,,,,,,,,,,,,,
SUCCESSOR,,,S0206,,,,,,,,,,,,P050,,,,,,,,,,,,,Interim Ready,Talent Pool,Athlete,Low,4,Needs mobility discussion,R-PEOP-VP-2,false,false,,,,,,,,,,,,,,,,,,,
SUCCESSOR,,,S0207,,,,,,,,,,,,P052,,,,,,,,,,,,,3-5 Years,Talent Pool,Emergency Successor,High,5,,R-PEOP-VP-2,false,false,,,,,,,,,,,,,,,,,,,
SUCCESSOR,,,S0208,,,,,,,,,,,,P016,,,,,,,,,,,,,Needs Development,Internal,Emergency Successor,High,1,High potential bench,R-PEOP-VP-3,false,false,,,,,,,,,,,,,,,,,,,
SUCCESSOR,,,S0209,,,,,,,,,,,,P126,,,,,,,,,,,,,3-5 Years,External,Market Candidate,High,2,Strong cross-functional sponsor,R-PEOP-VP-3,false,false,,,,,,,,,,,,,,,,,,,
SUCCESSOR,,,S0210,,,,,,,,,,,,P115,,,,,,,,,,,,,3-5 Years,Talent Pool,Emergency Successor,High,3,Strong cross-functional sponsor,R-PEOP-VP-3,false,false,,,,,,,,,,,,,,,,,,,
SUCCESSOR,,,S0211,,,,,,,,,,,,P019,,,,,,,,,,,,,3-5 Years,External,Athlete,Low,1,Stretch candidate,R-PEOP-SRDIRECTOR-1,false,false,,,,,,,,,,,,,,,,,,,
SUCCESSOR,,,S0212,,,,,,,,,,,,P073,,,,,,,,,,,,,Ready Now,Internal,Market Candidate,Medium,2,Stretch candidate,R-PEOP-SRDIRECTOR-1,false,false,,,,,,,,,,,,,,,,,,,
SUCCESSOR,,,S0213,,,,,,,,,,,,P008,,,,,,,,,,,,,Interim Ready,External,Market Candidate,Low,3,Strong cross-functional sponsor,R-PEOP-SRDIRECTOR-1,false,false,,,,,,,,,,,,,,,,,,,
SUCCESSOR,,,S0214,,,,,,,,,,,,P099,,,,,,,,,,,,,3-5 Years,External,Athlete,High,4,High potential bench,R-PEOP-SRDIRECTOR-1,false,true,,,,,,,,,,,,,,,,,,,
SUCCESSOR,,,S0215,,,,,,,,,,,,P013,,,,,,,,,,,,,Interim Ready,Internal,Market Candidate,Low,5,,R-PEOP-SRDIRECTOR-1,false,false,,,,,,,,,,,,,,,,,,,
SUCCESSOR,,,S0216,,,,,,,,,,,,P010,,,,,,,,,,,,,Ready Now,External,Market Candidate,High,1,Strong cross-functional sponsor,R-PEOP-SRDIRECTOR-2,false,false,,,,,,,,,,,,,,,,,,,
SUCCESSOR,,,S0217,,,,,,,,,,,,P003,,,,,,,,,,,,,Needs Development,Talent Pool,Successor,Medium,2,Needs mobility discussion,R-PEOP-SRDIRECTOR-2,false,false,,,,,,,,,,,,,,,,,,,
SUCCESSOR,,,S0218,,,,,,,,,,,,P058,,,,,,,,,,,,,Interim Ready,Internal,Athlete,Medium,3,Needs mobility discussion,R-PEOP-SRDIRECTOR-2,false,false,,,,,,,,,,,,,,,,,,,
SUCCESSOR,,,S0219,,,,,,,,,,,,P017,,,,,,,,,,,,,3-5 Years,Internal,Successor,Low,1,Strong cross-functional sponsor,R-PEOP-DIRECTOR-1,false,false,,,,,,,,,,,,,,,,,,,
SUCCESSOR,,,S0220,,,,,,,,,,,,P134,,,,,,,,,,,,,3-5 Years,Talent Pool,Successor,Medium,2,High potential bench,R-PEOP-DIRECTOR-1,false,false,,,,,,,,,,,,,,,,,,,
SUCCESSOR,,,S0221,,,,,,,,,,,,P102,,,,,,,,,,,,,Ready Now,Talent Pool,Successor,Medium,3,Strong cross-functional sponsor,R-PEOP-DIRECTOR-1,false,false,,,,,,,,,,,,,,,,,,,
SUCCESSOR,,,S0222,,,,,,,,,,,,P150,,,,,,,,,,,,,3-5 Years,Talent Pool,Emergency Successor,Low,4,Needs mobility discussion,R-PEOP-DIRECTOR-1,false,false,,,,,,,,,,,,,,,,,,,
SUCCESSOR,,,S0223,,,,,,,,,,,,P017,,,,,,,,,,,,,3-5 Years,Internal,Successor,Low,1,Stretch candidate,R-PEOP-DIRECTOR-2,false,false,,,,,,,,,,,,,,,,,,,
SUCCESSOR,,,S0224,,,,,,,,,,,,P071,,,,,,,,,,,,,Needs Development,Talent Pool,Market Candidate,High,2,High potential bench,R-PEOP-DIRECTOR-2,false,false,,,,,,,,,,,,,,,,,,,
SUCCESSOR,,,S0225,,,,,,,,,,,,P067,,,,,,,,,,,,,3-5 Years,Internal,Emergency Successor,Medium,3,Strong cross-functional sponsor,R-PEOP-DIRECTOR-2,false,false,,,,,,,,,,,,,,,,,,,
SUCCESSOR,,,S0226,,,,,,,,,,,,P077,,,,,,,,,,,,,3-5 Years,Internal,Market Candidate,High,4,,R-PEOP-DIRECTOR-2,false,false,,,,,,,,,,,,,,,,,,,
SUCCESSOR,,,S0227,,,,,,,,,,,,P067,,,,,,,,,,,,,3-5 Years,Internal,Emergency Successor,Medium,1,High potential bench,R-PEOP-SENIORMANAGER-1,false,false,,,,,,,,,,,,,,,,,,,
SUCCESSOR,,,S0228,,,,,,,,,,,,P108,,,,,,,,,,,,,Ready Now,Talent Pool,Market Candidate,High,2,High potential bench,R-PEOP-SENIORMANAGER-1,false,false,,,,,,,,,,,,,,,,,,,
SUCCESSOR,,,S0229,,,,,,,,,,,,P104,,,,,,,,,,,,,Ready Now,External,Emergency Successor,Low,3,Strong cross-functional sponsor,R-PEOP-SENIORMANAGER-1,false,false,,,,,,,,,,,,,,,,,,,
SUCCESSOR,,,S0230,,,,,,,,,,,,P100,,,,,,,,,,,,,1-2 Years,Internal,Athlete,Low,4,Stretch candidate,R-PEOP-SENIORMANAGER-1,false,false,,,,,,,,,,,,,,,,,,,
SUCCESSOR,,,S0231,,,,,,,,,,,,P122,,,,,,,,,,,,,Ready Now,Talent Pool,Successor,High,1,High potential bench,R-FINA-EVP-1,false,false,,,,,,,,,,,,,,,,,,,
SUCCESSOR,,,S0232,,,,,,,,,,,,P092,,,,,,,,,,,,,1-2 Years,External,Athlete,High,2,,R-FINA-EVP-1,false,false,,,,,,,,,,,,,,,,,,,
SUCCESSOR,,,S0233,,,,,,,,,,,,P130,,,,,,,,,,,,,Interim Ready,Talent Pool,Emergency Successor,High,3,Strong cross-functional sponsor,R-FINA-EVP-1,false,false,,,,,,,,,,,,,,,,,,,
SUCCESSOR,,,S0234,,,,,,,,,,,,P077,,,,,,,,,,,,,3-5 Years,Internal,Market Candidate,High,4,High potential bench,R-FINA-EVP-1,false,false,,,,,,,,,,,,,,,,,,,
SUCCESSOR,,,S0235,,,,,,,,,,,,P044,,,,,,,,,,,,,3-5 Years,External,Market Candidate,Low,5,Stretch candidate,R-FINA-EVP-1,false,false,,,,,,,,,,,,,,,,,,,
SUCCESSOR,,,S0236,,,,,,,,,,,,P023,,,,,,,,,,,,,Ready Now,External,Athlete,Medium,1,Strong cross-functional sponsor,R-FINA-EVP-2,false,false,,,,,,,,,,,,,,,,,,,
SUCCESSOR,,,S0237,,,,,,,,,,,,P057,,,,,,,,,,,,,3-5 Years,Talent Pool,Emergency Successor,Low,2,Strong cross-functional sponsor,R-FINA-EVP-2,false,false,,,,,,,,,,,,,,,,,,,
SUCCESSOR,,,S0238,,,,,,,,,,,,P091,,,,,,,,,,,,,3-5 Years,Talent Pool,Market Candidate,High,3,High potential bench,R-FINA-EVP-2,false,false,,,,,,,,,,,,,,,,,,,
SUCCESSOR,,,S0239,,,,,,,,,,,,P058,,,,,,,,,,,,,Interim Ready,Internal,Athlete,Medium,4,,R-FINA-EVP-2,false,false,,,,,,,,,,,,,,,,,,,
SUCCESSOR,,,S0240,,,,,,,,,,,,P150,,,,,,,,,,,,,3-5 Years,Talent Pool,Emergency Successor,Low,1,Needs mobility discussion,R-FINA-SVP-1,false,false,,,,,,,,,,,,,,,,,,,
SUCCESSOR,,,S0241,,,,,,,,,,,,P149,,,,,,,,,,,,,Interim Ready,External,Market Candidate,High,2,Needs mobility discussion,R-FINA-SVP-1,false,true,,,,,,,,,,,,,,,,,,,
SUCCESSOR,,,S0242,,,,,,,,,,,,P019,,,,,,,,,,,,,3-5 Years,External,Athlete,Low,3,Stretch candidate,R-FINA-SVP-1,false,false,,,,,,,,,,,,,,,,,,,
SUCCESSOR,,,S0243,,,,,,,,,,,,P121,,,,,,,,,,,,,Interim Ready,External,Athlete,Low,4,Stretch candidate,R-FINA-SVP-1,false,false,,,,,,,,,,,,,,,,,,,
SUCCESSOR,,,S0244,,,,,,,,,,,,P050,,,,,,,,,,,,,Interim Ready,Talent Pool,Athlete,Low,5,High potential bench,R-FINA-SVP-1,false,false,,,,,,,,,,,,,,,,,,,
SUCCESSOR,,,S0245,,,,,,,,,,,,P037,,,,,,,,,,,,,Interim Ready,Talent Pool,Successor,Medium,1,Stretch candidate,R-FINA-SVP-2,false,false,,,,,,,,,,,,,,,,,,,
SUCCESSOR,,,S0246,,,,,,,,,,,,P081,,,,,,,,,,,,,Ready Now,External,Emergency Successor,Medium,2,,R-FINA-SVP-2,false,true,,,,,,,,,,,,,,,,,,,
SUCCESSOR,,,S0247,,,,,,,,,,,,P047,,,,,,,,,,,,,Interim Ready,Talent Pool,Market Candidate,High,3,Strong cross-functional sponsor,R-FINA-SVP-2,false,false,,,,,,,,,,,,,,,,,,,
SUCCESSOR,,,S0248,,,,,,,,,,,,P021,,,,,,,,,,,,,Ready Now,Internal,Athlete,Medium,4,Stretch candidate,R-FINA-SVP-2,false,false,,,,,,,,,,,,,,,,,,,
SUCCESSOR,,,S0249,,,,,,,,,,,,P126,,,,,,,,,,,,,3-5 Years,External,Market Candidate,High,1,Needs mobility discussion,R-FINA-VP-1,false,false,,,,,,,,,,,,,,,,,,,
SUCCESSOR,,,S0250,,,,,,,,,,,,P023,,,,,,,,,,,,,Ready Now,External,Athlete,Medium,2,Needs mobility discussion,R-FINA-VP-1,false,false,,,,,,,,,,,,,,,,,,,
SUCCESSOR,,,S0251,,,,,,,,,,,,P034,,,,,,,,,,,,,Ready Now,Talent Pool,Market Candidate,High,3,,R-FINA-VP-1,false,false,,,,,,,,,,,,,,,,,,,
SUCCESSOR,,,S0252,,,,,,,,,,,,P001,,,,,,,,,,,,,Ready Now,Internal,Athlete,High,1,Stretch candidate,R-FINA-VP-2,false,false,,,,,,,,,,,,,,,,,,,
SUCCESSOR,,,S0253,,,,,,,,,,,,P004,,,,,,,,,,,,,1-2 Years,Internal,Emergency Successor,Medium,2,Strong cross-functional sponsor,R-FINA-VP-2,false,false,,,,,,,,,,,,,,,,,,,
SUCCESSOR,,,S0254,,,,,,,,,,,,P083,,,,,,,,,,,,,Interim Ready,Talent Pool,Athlete,High,3,,R-FINA-VP-2,false,false,,,,,,,,,,,,,,,,,,,
SUCCESSOR,,,S0255,,,,,,,,,,,,P136,,,,,,,,,,,,,Needs Development,External,Athlete,Medium,4,High potential bench,R-FINA-VP-2,false,false,,,,,,,,,,,,,,,,,,,
SUCCESSOR,,,S0256,,,,,,,,,,,,P049,,,,,,,,,,,,,3-5 Years,External,Successor,High,5,,R-FINA-VP-2,false,false,,,,,,,,,,,,,,,,,,,
SUCCESSOR,,,S0257,,,,,,,,,,,,P005,,,,,,,,,,,,,Needs Development,External,Market Candidate,Low,1,Strong cross-functional sponsor,R-FINA-VP-3,false,false,,,,,,,,,,,,,,,,,,,
SUCCESSOR,,,S0258,,,,,,,,,,,,P117,,,,,,,,,,,,,1-2 Years,Internal,Emergency Successor,High,2,Needs mobility discussion,R-FINA-VP-3,false,false,,,,,,,,,,,,,,,,,,,
SUCCESSOR,,,S0259,,,,,,,,,,,,P134,,,,,,,,,,,,,3-5 Years,Talent Pool,Successor,Medium,3,Stretch candidate,R-FINA-VP-3,false,false,,,,,,,,,,,,,,,,,,,
SUCCESSOR,,,S0260,,,,,,,,,,,,P135,,,,,,,,,,,,,Ready Now,Talent Pool,Athlete,Low,4,Needs mobility discussion,R-FINA-VP-3,false,true,,,,,,,,,,,,,,,,,,,
SUCCESSOR,,,S0261,,,,,,,,,,,,P034,,,,,,,,,,,,,Ready Now,Talent Pool,Market Candidate,High,1,Stretch candidate,R-FINA-SRDIRECTOR-1,false,false,,,,,,,,,,,,,,,,,,,
SUCCESSOR,,,S0262,,,,,,,,,,,,P055,,,,,,,,,,,,,Interim Ready,External,Emergency Successor,High,2,,R-FINA-SRDIRECTOR-1,false,false,,,,,,,,,,,,,,,,,,,
SUCCESSOR,,,S0263,,,,,,,,,,,,P006,,,,,,,,,,,,,Interim Ready,Talent Pool,Market Candidate,High,3,Strong cross-functional sponsor,R-FINA-SRDIRECTOR-1,false,false,,,,,,,,,,,,,,,,,,,
SUCCESSOR,,,S0264,,,,,,,,,,,,P013,,,,,,,,,,,,,Interim Ready,Internal,Market Candidate,Low,1,,R-FINA-SRDIRECTOR-2,false,false,,,,,,,,,,,,,,,,,,,
SUCCESSOR,,,S0265,,,,,,,,,,,,P028,,,,,,,,,,,,,Interim Ready,Talent Pool,Athlete,Medium,2,Needs mobility discussion,R-FINA-SRDIRECTOR-2,false,false,,,,,,,,,,,,,,,,,,,
SUCCESSOR,,,S0266,,,,,,,,,,,,P006,,,,,,,,,,,,,Interim Ready,Talent Pool,Market Candidate,High,3,Stretch candidate,R-FINA-SRDIRECTOR-2,false,false,,,,,,,,,,,,,,,,,,,
SUCCESSOR,,,S0267,,,,,,,,,,,,P030,,,,,,,,,,,,,Needs Development,External,Athlete,Low,4,,R-FINA-SRDIRECTOR-2,false,false,,,,,,,,,,,,,,,,,,,
SUCCESSOR,,,S0268,,,,,,,,,,,,P107,,,,,,,,,,,,,Interim Ready,Talent Pool,Successor,Medium,5,,R-FINA-SRDIRECTOR-2,false,false,,,,,,,,,,,,,,,,,,,
SUCCESSOR,,,S0269,,,,,,,,,,,,P036,,,,,,,,,,,,,Needs Development,External,Athlete,Medium,1,,R-FINA-DIRECTOR-1,false,false,,,,,,,,,,,,,,,,,,,
SUCCESSOR,,,S0270,,,,,,,,,,,,P108,,,,,,,,,,,,,Ready Now,Talent Pool,Market Candidate,High,2,,R-FINA-DIRECTOR-1,false,false,,,,,,,,,,,,,,,,,,,
SUCCESSOR,,,S0271,,,,,,,,,,,,P027,,,,,,,,,,,,,Interim Ready,External,Market Candidate,Low,3,High potential bench,R-FINA-DIRECTOR-1,false,false,,,,,,,,,,,,,,,,,,,
SUCCESSOR,,,S0272,,,,,,,,,,,,P131,,,,,,,,,,,,,1-2 Years,External,Emergency Successor,Low,4,Strong cross-functional sponsor,R-FINA-DIRECTOR-1,false,false,,,,,,,,,,,,,,,,,,,
SUCCESSOR,,,S0273,,,,,,,,,,,,P018,,,,,,,,,,,,,Interim Ready,Internal,Athlete,Medium,1,Needs mobility discussion,R-FINA-DIRECTOR-2,false,false,,,,,,,,,,,,,,,,,,,
SUCCESSOR,,,S0274,,,,,,,,,,,,P105,,,,,,,,,,,,,Interim Ready,Talent Pool,Emergency Successor,High,2,Needs mobility discussion,R-FINA-DIRECTOR-2,false,false,,,,,,,,,,,,,,,,,,,
SUCCESSOR,,,S0275,,,,,,,,,,,,P076,,,,,,,,,,,,,Interim Ready,Internal,Athlete,High,3,,R-FINA-DIRECTOR-2,false,true,,,,,,,,,,,,,,,,,,,
SUCCESSOR,,,S0276,,,,,,,,,,,,P003,,,,,,,,,,,,,Needs Development,Talent Pool,Successor,Medium,1,High potential bench,R-FINA-SENIORMANAGER-1,false,false,,,,,,,,,,,,,,,,,,,
SUCCESSOR,,,S0277,,,,,,,,,,,,P147,,,,,,,,,,,,,1-2 Years,External,Athlete,Low,2,,R-FINA-SENIORMANAGER-1,false,false,,,,,,,,,,,,,,,,,,,
SUCCESSOR,,,S0278,,,,,,,,,,,,P127,,,,,,,,,,,,,Interim Ready,Internal,Athlete,High,3,Stretch candidate,R-FINA-SENIORMANAGER-1,false,false,,,,,,,,,,,,,,,,,,,
SUCCESSOR,,,S0279,,,,,,,,,,,,P068,,,,,,,,,,,,,Interim Ready,Talent Pool,Successor,Low,1,,R-ENGI-EVP-1,false,false,,,,,,,,,,,,,,,,,,,
SUCCESSOR,,,S0280,,,,,,,,,,,,P119,,,,,,,,,,,,,Interim Ready,Internal,Market Candidate,High,2,Strong cross-functional sponsor,R-ENGI-EVP-1,false,false,,,,,,,,,,,,,,,,,,,
SUCCESSOR,,,S0281,,,,,,,,,,,,P013,,,,,,,,,,,,,Interim Ready,Internal,Market Candidate,Low,3,Strong cross-functional sponsor,R-ENGI-EVP-1,false,false,,,,,,,,,,,,,,,,,,,
SUCCESSOR,,,S0282,,,,,,,,,,,,P026,,,,,,,,,,,,,3-5 Years,Internal,Market Candidate,Medium,4,,R-ENGI-EVP-1,false,false,,,,,,,,,,,,,,,,,,,
SUCCESSOR,,,S0283,,,,,,,,,,,,P015,,,,,,,,,,,,,1-2 Years,External,Emergency Successor,High,1,High potential bench,R-ENGI-EVP-2,false,false,,,,,,,,,,,,,,,,,,,
SUCCESSOR,,,S0284,,,,,,,,,,,,P036,,,,,,,,,,,,,Needs Development,External,Athlete,Medium,2,,R-ENGI-EVP-2,false,false,,,,,,,,,,,,,,,,,,,
SUCCESSOR,,,S0285,,,,,,,,,,,,P044,,,,,,,,,,,,,3-5 Years,External,Market Candidate,Low,3,Strong cross-functional sponsor,R-ENGI-EVP-2,false,false,,,,,,,,,,,,,,,,,,,
SUCCESSOR,,,S0286,,,,,,,,,,,,P103,,,,,,,,,,,,,Needs Development,Internal,Emergency Successor,Low,1,Needs mobility discussion,R-ENGI-SVP-1,false,false,,,,,,,,,,,,,,,,,,,
SUCCESSOR,,,S0287,,,,,,,,,,,,P117,,,,,,,,,,,,,1-2 Years,Internal,Emergency Successor,High,2,Stretch candidate,R-ENGI-SVP-1,false,false,,,,,,,,,,,,,,,,,,,
SUCCESSOR,,,S0288,,,,,,,,,,,,P070,,,,,,,,,,,,,1-2 Years,Talent Pool,Market Candidate,Low,3,,R-ENGI-SVP-1,false,false,,,,,,,,,,,,,,,,,,,
SUCCESSOR,,,S0289,,,,,,,,,,,,P099,,,,,,,,,,,,,3-5 Years,External,Athlete,High,4,Stretch candidate,R-ENGI-SVP-1,false,false,,,,,,,,,,,,,,,,,,,
SUCCESSOR,,,S0290,,,,,,,,,,,,P124,,,,,,,,,,,,,3-5 Years,Talent Pool,Market Candidate,High,1,High potential bench,R-ENGI-SVP-2,false,true,,,,,,,,,,,,,,,,,,,
SUCCESSOR,,,S0291,,,,,,,,,,,,P146,,,,,,,,,,,,,1-2 Years,Talent Pool,Emergency Successor,Low,2,Stretch candidate,R-ENGI-SVP-2,false,false,,,,,,,,,,,,,,,,,,,
SUCCESSOR,,,S0292,,,,,,,,,,,,P113,,,,,,,,,,,,,Interim Ready,Talent Pool,Emergency Successor,High,3,Needs mobility discussion,R-ENGI-SVP-2,false,false,,,,,,,,,,,,,,,,,,,
SUCCESSOR,,,S0293,,,,,,,,,,,,P047,,,,,,,,,,,,,Interim Ready,Talent Pool,Market Candidate,High,4,Needs mobility discussion,R-ENGI-SVP-2,false,false,,,,,,,,,,,,,,,,,,,
SUCCESSOR,,,S0294,,,,,,,,,,,,P098,,,,,,,,,,,,,Ready Now,External,Emergency Successor,Low,5,,R-ENGI-SVP-2,false,false,,,,,,,,,,,,,,,,,,,
RULE,,,,,,,,,,,,,,,,,,,,,,,,,,,,,,,,,,,,,RULE-001,Ready Now Required,FIELD_RULE,Candidate,readiness,equals,Ready Now,,,,Block,Candidate is not Ready Now. Review before moving.,true,,,,,,
RULE,,,,,,,,,,,,,,,,,,,,,,,,,,,,,,,,,,,,,RULE-002,External Candidate Review,FIELD_RULE,Candidate,source,not equals,External,,,,Needs Review,External candidate requires TA review.,true,,,,,,
RULE,,,,,,,,,,,,,,,,,,,,,,,,,,,,,,,,,,,,,RULE-003,Mobility Required,FIELD_RULE,Candidate,mobility,not equals,No,,,,Block,Candidate mobility is No.,true,,,,,,
RULE,,,,,,,,,,,,,,,,,,,,,,,,,,,,,,,,,,,,,RULE-004,Critical Role Auto Backfill,AUTO_BACKFILL,Candidate,candidateType,in list,"{""mode"": ""type"", ""autoTypes"": [""Successor""], ""customMappings"": []}",,,,Needs Review,Auto backfill from Successor slate.,true,,,,,,
RULE,,,,,,,,,,,,,,,,,,,,,,,,,,,,,,,,,,,,,RULE-005,Sample Person Cannot Change Role,BLOCK,Candidate,,,,P006,,,Block,This person cannot change roles in this scenario.,true,,,,,,
SETTING,,,,,,,,,,,,,,,,,,,,,,,,,,,,,,,,,,,,,,,,,,,,,,,,,,,,,,customFieldValues,"{""readiness"": [""Ready Now"", ""1-2 Years"", ""3-5 Years"", ""Needs Development"", ""Interim Ready""], ""jobLevel"": [""ELT"", ""BOLT"", ""E8"", ""E7"", ""E6"", ""M6"", ""M5"", ""M4"", ""P6"", ""P5"", ""P4""], ""level"": [""CEO"", ""C-Suite"", ""EVP"", ""SVP"", ""VP"", ""Sr Director"", ""Director"", ""Senior Manager"", ""Manager"", ""BOLT"", ""ELT"", ""GVP""], ""location"": [""Sunnyvale"", ""Remote"", ""Bangalore"", ""Tokyo"", ""London"", ""Toronto"", ""Austin"", ""Boston"", ""Singapore"", ""Amsterdam"", ""Hybrid Bay Area""], ""department"": [""Commercial & Marketing"", ""Product"", ""Operations"", ""People / HR"", ""Finance"", ""Engineering"", ""GTM"", ""International"", ""Legal"", ""Customer Success""], ""candidateType"": [""Successor"", ""Athlete"", ""Market Candidate"", ""Emergency Successor"", ""Interim Candidate""], ""mobility"": [""Yes"", ""No"", ""Unknown"", ""Conditional""], ""risk"": [""Low"", ""Medium"", ""High"", ""Critical""]}"
